"quizstatus";"sted";"sted_id";"kategori";"område";"antall_manifestoppføringer";"antall_quizfiler";"quizfiler";"kildesti"
"Med quiz";"22. juli-senteret";"22_juli_senteret";"politikk";"Oslo";"1";"1";"data/quiz/politikk/22_juli_senteret_sets.json";"places/politikk/oslo/places_politikk/22_juli_senteret.json"
"Uten quiz";"A Brasileira / Fernando Pessoa";"lisbon_a_brasileira";"litteratur";"Lisboa";"0";"0";"";"places/litteratur/europe/portugal/lisbon/places_lisbon_litteratur/lisbon_a_brasileira.json"
"Uten quiz";"A Vida Portuguesa / Chiado";"lisbon_a_vida_portuguesa_chiado";"naeringsliv";"Lisboa";"0";"0";"";"places/naeringsliv/europe/portugal/lisbon/places_lisbon_naeringsliv/lisbon_a_vida_portuguesa_chiado.json"
"Uten quiz";"ABC Studio";"abc_studio_etne";"musikk";"Øvrige";"0";"0";"";"places/kunst/vestland/etne/abc_studio_etne/abc_studio_etne.json"
"Uten quiz";"Abelhaugen";"abelhaugen";"vitenskap";"Oslo";"0";"0";"";"places/vitenskap/oslo/places_vitenskap/abelhaugen.json"
"Med quiz";"Abelonegården";"abelonegarden";"historie";"Oslo";"1";"1";"data/quiz/historie/abelonegarden_sets.json";"places/historie/oslo/places_historie/abelonegarden.json"
"Med quiz";"Advokat Dehlis plass – grøntarealet";"bjoelsenparken_elvenaer";"natur";"Oslo";"3";"1";"data/quiz/natur/bjoelsenparken_elvenaer_sets.json";"places/natur/oslo/places_oslo_natur_akerselvarute/bjoelsenparken_elvenaer.json"
"Uten quiz";"Aeroporto Humberto Delgado / TAP Headquarters";"lisbon_aeroporto_humberto_delgado_tap_headquarters";"naeringsliv";"Lisboa";"0";"0";"";"places/naeringsliv/europe/portugal/lisbon/places_lisbon_naeringsliv/lisbon_aeroporto_humberto_delgado_tap_headquarters.json"
"Med quiz";"Aftenposten – Akersgata 51";"aftenposten_akersgata";"media";"Oslo";"6";"1";"data/quiz/media/aftenposten_akersgata_sets.json";"places/media/oslo/places_oslo_media/aftenposten_akersgata.json"
"Uten quiz";"Agder naturmuseum Kristiansand";"agder_naturmuseum_kristiansand";"vitenskap";"Øvrige";"0";"0";"";"places/vitenskap/agder/agder_naturmuseum_kristiansand/agder_naturmuseum_kristiansand.json"
"Uten quiz";"Ajuda";"lisbon_ajuda";"by";"Lisboa";"0";"0";"";"places/by/europe/portugal/lisbon/places_lisbon_by/lisbon_ajuda.json"
"Med quiz";"Aker Brygge";"aker_brygge";"by";"Oslo";"1";"1";"data/quiz/by/aker_brygge_sets.json";"places/by/oslo/places/aker_brygge.json"
"Med quiz";"Akers mekaniske Verksted";"oslo_mek";"naeringsliv";"Oslo";"5";"1";"data/quiz/naeringsliv/oslo_mek_sets_merged.json";"places/naeringsliv/oslo/places_naeringsliv/oslo_mek.json"
"Med quiz";"Akerselva";"akerselva";"by";"Oslo";"5";"1";"data/quiz/naeringsliv/akerselva_industri_sets_merged.json";"places/by/oslo/places/akerselva.json"
"Uten quiz";"Akerselvas utløp mot fjorden (Bjørvika)";"akerselva_utlop_bjorvika";"natur";"Oslo";"0";"0";"";"places/natur/oslo/places_oslo_natur_akerselvarute/akerselva_utlop_bjorvika.json"
"Med quiz";"Akershus EnergiPark";"akershus_energi";"naeringsliv";"Øvrige";"5";"1";"data/quiz/naeringsliv/akershus_energi_sets_merged.json";"places/naeringsliv/akershus/akershus_energipark.json"
"Med quiz";"Akershus festning";"akershus_festning";"historie";"Oslo";"2";"2";"data/quiz/historie/akerhus_slott_sets.json | data/quiz/historie/akershus_festning_sets.json";"places/historie/oslo/places_historie/akershus_festning.json"
"Med quiz";"Akershus slott";"akershus_slott";"historie";"Oslo";"7";"1";"data/quiz/historie/akershus_slott_sets.json";"places/historie/oslo/places_historie/akershus_slott.json"
"Med quiz";"Akershus slottskirke";"akershus_slottskirke";"religion";"Oslo";"5";"1";"data/quiz/religion/akershus_slottskirke_sets.json";"places/religion/oslo/akershus_slottskirke/akershus_slottskirke.json"
"Med quiz";"Akershuskaiene";"akershus_kaier";"naeringsliv";"Oslo";"5";"1";"data/quiz/naeringsliv/akershus_kaier_sets_merged.json";"places/naeringsliv/oslo/places_naeringsliv/akershus_kaier.json"
"Uten quiz";"Akerøy fort";"akeroya_fort";"historie";"Øvrige";"0";"0";"";"places/historie/ostfold/places_historie_ostfold_batch4/akeroya_fort.json"
"Uten quiz";"Akrobaten gangbro";"akrobaten_gangbro";"by";"Oslo";"0";"0";"";"places/by/oslo/places/akrobaten_gangbro.json"
"Uten quiz";"Alcântara";"lisbon_alcantara";"by";"Lisboa";"0";"0";"";"places/by/europe/portugal/lisbon/places_lisbon_by/lisbon_alcantara.json"
"Uten quiz";"Alexander Kiellands plass";"alexander_kiellands_plass";"litteratur";"Oslo";"0";"0";"";"places/litteratur/oslo/places_litteratur/alexander_kiellands_plass.json"
"Uten quiz";"Alf Prøysen-monumentet – Kulturverket Flammen";"alf_proysen_statue_nittedal";"litteratur";"Øvrige";"0";"0";"";"places/litteratur/akershus/alf_proysen_statue_nittedal.json"
"Uten quiz";"Alfama";"lisbon_alfama";"by";"Lisboa";"0";"0";"";"places/by/europe/portugal/lisbon/places_lisbon_by/lisbon_alfama.json"
"Med quiz";"Alna ved Bryn";"alna_bryn";"natur";"Oslo";"1";"1";"data/quiz/natur/alna_bryn_sets.json";"places/natur/oslo/places_oslo_natur_alnaelva_rute/alna_bryn.json"
"Med quiz";"Alna ved Smalvoll";"alna_smalvoll";"natur";"Oslo";"1";"1";"data/quiz/natur/alna_smalvoll_sets.json";"places/natur/oslo/places_oslo_natur_alnaelva_rute/alna_smalvoll.json"
"Uten quiz";"Alnabru godsterminal";"alnabru_jernbane_og_logistikk";"by";"Oslo";"0";"0";"";"places/natur/oslo/places_oslo_alna/alnabru_jernbane_og_logistikk.json"
"Uten quiz";"Alnaelva";"alnaelva";"natur";"Oslo";"0";"0";"";"places/natur/oslo/places_oslo_alna/alnaelva.json"
"Uten quiz";"Alnaelva";"alnaelva_hovedsteder";"natur";"Oslo";"0";"0";"";"places/natur/oslo/places_oslo_natur_hovedsteder/alnaelva_hovedsteder.json"
"Med quiz";"Alnaparken";"alnaparken";"natur";"Oslo";"1";"1";"data/quiz/natur/alnaparken_sets.json";"places/natur/oslo/places_oslo_natur_alnaelva_rute/alnaparken.json"
"Med quiz";"Alnas historiske utløp ved Vannspeilet";"alna_utlop_bjorvika";"natur";"Oslo";"1";"1";"data/quiz/natur/alna_utlop_bjorvika_sets.json";"places/natur/oslo/places_oslo_natur_alnaelva_rute/alna_utlop_bjorvika.json"
"Med quiz";"Alnastien – Svartdalen og Bryn";"alnaelvstien";"natur";"Oslo";"6";"1";"data/quiz/natur/alnaelvstien_sets.json";"places/natur/oslo/places_oslo_alna/alnaelvstien.json"
"Uten quiz";"Altice Arena / Web Summit Lisboa";"lisbon_altice_arena_web_summit";"naeringsliv";"Lisboa";"0";"0";"";"places/naeringsliv/europe/portugal/lisbon/places_lisbon_naeringsliv/lisbon_altice_arena_web_summit.json"
"Uten quiz";"Aluminiummuseet Holmestrand";"aluminiummuseet_holmestrand";"historie";"Øvrige";"0";"0";"";"places/historie/vestfold/places_historie_vestfold_batch7/aluminiummuseet_holmestrand.json"
"Med quiz";"Alungsjøen (Alna-kilde)";"alnsjoen_alna_kilde";"natur";"Oslo";"1";"1";"data/quiz/natur/alnsjoen_alna_kilde_sets.json";"places/natur/oslo/places_oslo_natur_alnaelva_rute/alnsjoen_alna_kilde.json"
"Med quiz";"Alunverket";"alunverket";"naeringsliv";"Oslo";"1";"1";"data/quiz/naeringsliv/alunverket_sets.json";"places/naeringsliv/oslo/places_naeringsliv/alunverket.json"
"Uten quiz";"Alvdal kirke";"alvdal_kirke";"religion";"Øvrige";"0";"0";"";"places/historie/innlandet/places_historie_innlandet_batch17/alvdal_kirke.json"
"Uten quiz";"Amerikalinjen";"amerikalinjen";"naeringsliv";"Oslo";"0";"0";"";"places/naeringsliv/oslo/places_naeringsliv_oslo_oppdag_kvadraturen_batch_03/amerikalinjen.json"
"Uten quiz";"Andebu kirke";"andebu_kirke_sandefjord";"religion";"Øvrige";"0";"0";"";"places/historie/vestfold/places_historie_vestfold_batch4/andebu_kirke_sandefjord.json"
"Uten quiz";"Anjos70";"lisbon_anjos70";"subkultur";"Lisboa";"0";"0";"";"places/subkultur/europe/portugal/lisbon/places_lisbon_subkultur/lisbon_anjos70.json"
"Med quiz";"Ankerbrua";"ankerbrua";"by";"Oslo";"1";"1";"data/quiz/by/ankerbrua_sets.json";"places/natur/oslo/places_oslo_natur_akerselvarute/ankerbrua.json"
"Med quiz";"Antena 1 / RDP-radiohistorie";"lisbon_antena_1_rdp";"media";"Lisboa";"6";"1";"data/quiz/media/lisbon_antena_1_rdp_sets.json";"places/media/europe/portugal/lisbon/places_lisbon_media/lisbon_antena_1_rdp.json"
"Uten quiz";"Aqueduto das Águas Livres";"lisbon_aqueduto_das_aguas_livres";"by";"Lisboa";"0";"0";"";"places/by/europe/portugal/lisbon/lisbon_aqueduto_das_aguas_livres/lisbon_aqueduto_das_aguas_livres.json"
"Med quiz";"Arbeidermuseet";"arbeidermuseet";"historie";"Oslo";"1";"1";"data/quiz/historie/arbeidermuseet_sets.json";"places/historie/oslo/places_historie/arbeidermuseet.json"
"Uten quiz";"Arbeidersamfunnets plass";"arbeidersamfunnets_plass";"politikk";"Oslo";"0";"0";"";"places/politikk/oslo/places_politikk/arbeidersamfunnets_plass.json"
"Uten quiz";"Aremark kirke og kirkested";"aremark_kirke_kirkested";"religion";"Øvrige";"0";"0";"";"places/historie/ostfold/places_historie_ostfold_batch4/aremark_kirke_kirkested.json"
"Uten quiz";"Arena Bekkestua";"arena_bekkestua";"subkultur";"Øvrige";"0";"0";"";"places/subkultur/akershus/arena_bekkestua/arena_bekkestua.json"
"Uten quiz";"Arendal gamle rådhus";"arendal_gamle_radhus";"by";"Øvrige";"0";"0";"";"places/by/agder/arendal_gamle_radhus/arendal_gamle_radhus.json"
"Uten quiz";"Arendal kulturhus";"arendal_kulturhus";"scenekunst";"Øvrige";"0";"0";"";"places/kunst/agder/arendal_kulturhus/arendal_kulturhus.json"
"Uten quiz";"Arendal sjøfartsmuseum";"arendal_sjofartsmuseum";"historie";"Øvrige";"0";"0";"";"places/historie/agder/arendal_sjofartsmuseum/arendal_sjofartsmuseum.json"
"Uten quiz";"Arendal stasjon";"arendal_stasjon";"by";"Øvrige";"0";"0";"";"places/by/agder/arendal_stasjon/arendal_stasjon.json"
"Uten quiz";"Arendal tollbod";"arendal_tollbod";"by";"Øvrige";"0";"0";"";"places/by/agder/arendal_tollbod/arendal_tollbod.json"
"Uten quiz";"Arkitektur- og designhøgskolen i Oslo";"arkitektur_og_designhogskolen";"vitenskap";"Oslo";"0";"0";"";"places/vitenskap/oslo/places_vitenskap/arkitektur_og_designhogskolen.json"
"Uten quiz";"Arkivet Kristiansand";"stiftelsen_arkivet_kristiansand";"historie";"Øvrige";"0";"0";"";"places/historie/agder/stiftelsen_arkivet_kristiansand/stiftelsen_arkivet_kristiansand.json"
"Uten quiz";"Armazéns do Chiado";"lisbon_armazens_do_chiado";"naeringsliv";"Lisboa";"0";"0";"";"places/naeringsliv/europe/portugal/lisbon/places_lisbon_naeringsliv/lisbon_armazens_do_chiado.json"
"Uten quiz";"Arquivo Nacional da Torre do Tombo";"lisbon_torre_do_tombo";"vitenskap";"Lisboa";"0";"0";"";"places/vitenskap/europe/portugal/lisbon/places_lisbon_vitenskap/lisbon_torre_do_tombo.json"
"Med quiz";"Arquivo RTP";"lisbon_arquivo_rtp";"media";"Lisboa";"6";"1";"data/quiz/media/lisbon_arquivo_rtp_sets.json";"places/media/europe/portugal/lisbon/places_lisbon_media/lisbon_arquivo_rtp.json"
"Uten quiz";"Asker kirke / gamle kirkested";"asker_kirke_kirkested";"religion";"Øvrige";"0";"0";"";"places/historie/akershus/places_historie_akershus_batch2/asker_kirke_kirkested.json"
"Uten quiz";"Askim Gummivarefabrikk / Viking";"askim_gummivarefabrikk";"naeringsliv";"Øvrige";"0";"0";"";"places/naeringsliv/ostfold/askim_gummivarefabrikk/askim_gummivarefabrikk.json"
"Uten quiz";"Assembleia da República";"lisbon_assembleia_da_republica";"politikk";"Lisboa";"0";"0";"";"places/politikk/europe/portugal/lisbon/places_lisbon_politikk/lisbon_assembleia_da_republica.json"
"Uten quiz";"Astrup Fearnley Museet";"astrup_fearnley";"kunst";"Oslo";"0";"0";"";"places/kunst/oslo/places_kunst/astrup_fearnley.json"
"Uten quiz";"Atlungstad Brenneri";"atlungstad_brenneri";"naeringsliv";"Øvrige";"0";"0";"";"places/naeringsliv/innlandet/atlungstad_brenneri/atlungstad_brenneri.json"
"Uten quiz";"Atrå kirke";"atra_kirke_tinn";"religion";"Øvrige";"0";"0";"";"places/historie/telemark/places_historie_telemark_batch7/atra_kirke_tinn.json"
"Uten quiz";"Audnedal stasjon Lyngdal";"audnedal_stasjon_lyngdal";"by";"Øvrige";"0";"0";"";"places/by/agder/audnedal_stasjon_lyngdal/audnedal_stasjon_lyngdal.json"
"Med quiz";"Audunborg på Hegrenes";"audunborg_hegrenes";"historie";"Øvrige";"1";"1";"data/quiz/historie/places_historie_norge_for_1500_batch_03_sets.json";"places/historie/norge/places_historie_norge_for_1500_batch2/audunborg_hegrenes.json"
"Uten quiz";"Aulestad / Bjørnstjerne Bjørnsons hjem";"aulestad_bjornson";"litteratur";"Øvrige";"0";"0";"";"places/litteratur/innlandet/aulestad_bjornson/aulestad_bjornson.json"
"Uten quiz";"Aurdal kirke";"aurdal_kirke";"religion";"Øvrige";"0";"0";"";"places/historie/innlandet/places_historie_innlandet_batch13/aurdal_kirke.json"
"Uten quiz";"Aurskog-Høland bygdetun";"aurskog_holand_bygdetun";"historie";"Øvrige";"0";"0";"";"places/historie/akershus/places_historie_akershus_batch5/aurskog_holand_bygdetun.json"
"Uten quiz";"Austre Moland kirke Arendal";"austre_moland_kirke_arendal";"religion";"Øvrige";"0";"0";"";"places/historie/agder/austre_moland_kirke_arendal/austre_moland_kirke_arendal.json"
"Med quiz";"Avaldsnes kongsgård";"avaldsnes_kongsgard";"historie";"Øvrige";"1";"1";"data/quiz/historie/places_historie_norge_for_1500_batch_01_sets.json";"places/historie/norge/places_historie_norge_for_1500_batch1/avaldsnes_kongsgard.json"
"Uten quiz";"Avenida 24 de Julho";"lisbon_avenida_24_de_julho";"politikk";"Lisboa";"0";"0";"";"places/politikk/europe/portugal/lisbon/places_lisbon_politikk/lisbon_avenida_24_de_julho.json"
"Uten quiz";"Avenida da Liberdade";"lisbon_avenida_da_liberdade";"by";"Lisboa";"0";"0";"";"places/by/europe/portugal/lisbon/places_lisbon_by/lisbon_avenida_da_liberdade.json"
"Uten quiz";"Avisen Tiden – Rådhusgata 10";"avisen_tiden_radhusgata_10";"historie";"Oslo";"0";"0";"";"places/historie/oslo/places_historie_oslo_oppdag_kvadraturen_hovedstaden_batch_01/avisen_tiden_radhusgata_10.json"
"Uten quiz";"Bagn Bygdesamling";"bagn_bygdesamling";"historie";"Øvrige";"0";"0";"";"places/historie/innlandet/places_historie_innlandet_batch11/bagn_bygdesamling.json"
"Uten quiz";"Bagnsbergatn / krigsminne";"bagnsbergatn_krigsminne";"historie";"Øvrige";"0";"0";"";"places/historie/innlandet/places_historie_innlandet_batch3/bagnsbergatn_krigsminne.json"
"Uten quiz";"Bairro Alto";"lisbon_bairro_alto";"subkultur";"Lisboa";"0";"0";"";"places/subkultur/europe/portugal/lisbon/places_lisbon_subkultur/lisbon_bairro_alto.json"
"Uten quiz";"Bairro Alto Hotel / Praça Luís de Camões";"lisbon_bairro_alto_hotel_praca_luis_de_camoes";"naeringsliv";"Lisboa";"0";"0";"";"places/naeringsliv/europe/portugal/lisbon/places_lisbon_naeringsliv/lisbon_bairro_alto_hotel_praca_luis_de_camoes.json"
"Uten quiz";"Baixa Pombalina";"lisbon_baixa_pombalina";"by";"Lisboa";"0";"0";"";"places/by/europe/portugal/lisbon/places_lisbon_by/lisbon_baixa_pombalina.json"
"Med quiz";"Bakeriet ved Akershus";"akershus_slott_bakeriet";"naeringsliv";"Oslo";"5";"1";"data/quiz/naeringsliv/akershus_slott_bakeriet_sets_merged.json";"places/naeringsliv/oslo/places_naeringsliv/akershus_slott_bakeriet.json"
"Uten quiz";"Bakke kirke Flekkefjord";"bakke_kirke_flekkefjord";"religion";"Øvrige";"0";"0";"";"places/historie/agder/bakke_kirke_flekkefjord/bakke_kirke_flekkefjord.json"
"Uten quiz";"Balke kirke";"balke_kirke_toten";"religion";"Øvrige";"0";"0";"";"places/historie/innlandet/places_historie_innlandet_batch4/balke_kirke_toten.json"
"Uten quiz";"Bamble kirke";"bamble_kirke";"religion";"Øvrige";"0";"0";"";"places/historie/telemark/places_historie_telemark_batch3/bamble_kirke.json"
"Uten quiz";"Banco de Portugal / Museu do Dinheiro";"lisbon_banco_de_portugal_museu_do_dinheiro";"naeringsliv";"Lisboa";"0";"0";"";"places/naeringsliv/europe/portugal/lisbon/places_lisbon_naeringsliv/lisbon_banco_de_portugal_museu_do_dinheiro.json"
"Uten quiz";"Baneheia Kristiansand bypark";"baneheia_kristiansand_bypark";"natur";"Øvrige";"0";"0";"";"places/natur/agder/baneheia_kristiansand_bypark/baneheia_kristiansand_bypark.json"
"Med quiz";"Bankplassen";"bankplassen";"by";"Oslo";"1";"1";"data/quiz/by/bankplassen_sets_merged.json";"places/by/oslo/places/bankplassen.json"
"Med quiz";"Barcode";"barcode";"by";"Oslo";"1";"1";"data/quiz/by/barcode_sets.json";"places/by/oslo/places/barcode.json"
"Uten quiz";"Basmo festning";"basmo_festning";"historie";"Øvrige";"0";"0";"";"places/historie/ostfold/places_historie_ostfold_batch2/basmo_festning.json"
"Uten quiz";"Bastøy skolehjem / institusjonshistorisk sted";"bastoy_skolehjem_horten";"historie";"Øvrige";"0";"0";"";"places/historie/vestfold/places_historie_vestfold_batch7/bastoy_skolehjem_horten.json"
"Uten quiz";"Beaivváš – Čoarvemátta";"beaivvas_coarvematta";"scenekunst";"Øvrige";"0";"0";"";"places/scenekunst/finnmark/beaivvas_coarvematta/beaivvas_coarvematta.json"
"Med quiz";"Beierbrua";"beierbrua";"by";"Oslo";"6";"1";"data/quiz/historie/beierbrua_sets.json";"places/natur/oslo/places_oslo_natur_akerselvarute/beierbrua.json"
"Med quiz";"Belém";"lisbon_belem_bydel";"by";"Lisboa";"6";"1";"data/quiz/by/lisbon_belem_bydel_sets.json";"places/by/europe/portugal/lisbon/places_lisbon_by/lisbon_belem_bydel.json"
"Uten quiz";"Bergen";"bergen";"by";"Øvrige";"0";"0";"";"places/by/vestland/bergen/bergen.json"
"Uten quiz";"Bergen Kjøtt";"bergen_kjott_kulturhus";"subkultur";"Øvrige";"0";"0";"";"places/subkultur/vestland/bergen_kjott_kulturhus/bergen_kjott_kulturhus.json"
"Med quiz";"Bergenhus / Håkonshallen";"bergenhus_haakonshallen";"historie";"Øvrige";"1";"1";"data/quiz/historie/places_historie_norge_for_1500_batch_01_sets.json";"places/historie/norge/places_historie_norge_for_1500_batch1/bergenhus_haakonshallen.json"
"Uten quiz";"Bergseminaret på Kongsberg";"bergseminaret_kongsberg";"vitenskap";"Øvrige";"0";"0";"";"places/vitenskap/buskerud/bergseminaret_kongsberg/bergseminaret_kongsberg.json"
"Uten quiz";"BI i Nydalen";"bi_nydalen";"vitenskap";"Oslo";"0";"0";"";"places/vitenskap/oslo/places_vitenskap/bi_nydalen.json"
"Uten quiz";"Biblioteca Nacional de Portugal";"lisbon_biblioteca_nacional_de_portugal";"litteratur";"Lisboa";"0";"0";"";"places/litteratur/europe/portugal/lisbon/places_lisbon_litteratur/lisbon_biblioteca_nacional_de_portugal.json"
"Uten quiz";"Biblo Tøyen";"biblo_toyen";"litteratur";"Oslo";"0";"0";"";"places/litteratur/oslo/places_litteratur/biblo_toyen.json"
"Uten quiz";"Bica";"lisbon_bica";"by";"Lisboa";"0";"0";"";"places/by/europe/portugal/lisbon/places_lisbon_by/lisbon_bica.json"
"Uten quiz";"Biri glassverk / historisk sted";"biri_glassverk_historisk_sted";"naeringsliv";"Øvrige";"0";"0";"";"places/naeringsliv/innlandet/biri_glassverk_historisk_sted/biri_glassverk_historisk_sted.json"
"Uten quiz";"Biri kirke";"biri_kirke";"religion";"Øvrige";"0";"0";"";"places/historie/innlandet/places_historie_innlandet_batch11/biri_kirke.json"
"Med quiz";"Birkelunden";"birkelunden";"by";"Oslo";"1";"1";"data/quiz/by/birkelunden_sets.json";"places/by/oslo/places/birkelunden.json"
"Uten quiz";"Birkenes kirke";"birkenes_kirke";"religion";"Øvrige";"0";"0";"";"places/historie/agder/birkenes_kirke/birkenes_kirke.json"
"Uten quiz";"Bislett";"bislett";"by";"Oslo";"0";"0";"";"places/by/oslo/places/bislett.json"
"Med quiz";"Bislett Stadion";"bislett_stadion";"sport";"Øvrige";"1";"1";"data/quiz/sport/bislett_stadion_sets.json";"places/sport/europa/norway/oslo_sport/bislett_stadion.json"
"Med quiz";"Bispelokket / Trafikkmaskinen";"bispelokket";"by";"Oslo";"7";"1";"data/quiz/by/bispelokket_sets.json";"places/by/oslo/places/bispelokket.json"
"Uten quiz";"Bitraf";"bitraf";"vitenskap";"Oslo";"0";"0";"";"places/vitenskap/oslo/places_vitenskap/bitraf.json"
"Uten quiz";"Bjerkebæk / Sigrid Undsets hjem";"bjerkebaek_undset";"litteratur";"Øvrige";"0";"0";"";"places/litteratur/innlandet/bjerkebaek_undset/bjerkebaek_undset.json"
"Med quiz";"Bjølsenfossen";"bjoelsenfossen";"historie";"Oslo";"6";"1";"data/quiz/historie/bjoelsenfossen_sets.json";"places/natur/oslo/places_oslo_natur_akerselvarute/bjoelsenfossen.json"
"Uten quiz";"Bjørgan prestegård Kvikne";"bjorgan_prestegard_kvikne";"litteratur";"Øvrige";"0";"0";"";"places/litteratur/innlandet/bjorgan_prestegard_kvikne/bjorgan_prestegard_kvikne.json"
"Uten quiz";"Bjørge gård Ringebu";"bjorge_gard_ringebu";"historie";"Øvrige";"0";"0";"";"places/historie/innlandet/places_historie_innlandet_batch13/bjorge_gard_ringebu.json"
"Med quiz";"Bjørvika";"bjorvika";"by";"Oslo";"1";"1";"data/quiz/by/bjorvika_sets.json";"places/by/oslo/places/bjorvika.json"
"Uten quiz";"Black Box teater";"black_box_teater";"scenekunst";"Oslo";"0";"0";"";"places/scenekunst/oslo/places_scenekunst/black_box_teater.json"
"Uten quiz";"Blaker skanse";"blaker_skanse";"historie";"Øvrige";"0";"0";"";"places/historie/akershus/places_historie_akershus_batch1/blaker_skanse.json"
"Uten quiz";"Bleikøya";"bleikoya";"natur";"Oslo";"0";"0";"";"places/natur/oslo/bleikoya.json"
"Uten quiz";"Blindern/Forskningsparken salamanderdam";"blindern_forskningsparken_salamanderdam";"natur";"Oslo";"0";"0";"";"places/natur/oslo/places_oslo_natur_salamanderdammer/blindern_forskningsparken_salamanderdam.json"
"Uten quiz";"Blitzhuset";"blitzhuset";"subkultur";"Oslo";"0";"0";"";"places/subkultur/oslo/places_subkultur/blitzhuset.json"
"Uten quiz";"Blokkodden Villmarksmuseum";"blokkodden_villmarksmuseum";"historie";"Øvrige";"0";"0";"";"places/historie/innlandet/places_historie_innlandet_batch9/blokkodden_villmarksmuseum.json"
"Uten quiz";"Blå";"bla";"musikk";"Oslo";"0";"0";"";"places/subkultur/oslo/places_subkultur/bla.json"
"Med quiz";"Blå";"blaa";"musikk";"Oslo";"5";"1";"data/quiz/musikk/blaa_sets_merged.json";"places/musikk/oslo/places_musikk/blaa.json"
"Uten quiz";"Blaafarveværket";"blaafarvevaerket_modum";"naeringsliv";"Øvrige";"0";"0";"";"places/naeringsliv/buskerud/blaafarvevaerket_modum/blaafarvevaerket_modum.json"
"Uten quiz";"Blått skilt: Anna Rogstad";"bla_skilt_anna_rogstad_henrichsens_gate_3";"politikk";"Oslo";"0";"0";"";"places/politikk/oslo/bla_skilt/bla_skilt_anna_rogstad_henrichsens_gate_3.json"
"Uten quiz";"Blått skilt: Anne-Cath Vestly";"bla_skilt_anne_cath_vestly_wergelandsveien_7";"litteratur";"Oslo";"0";"0";"";"places/litteratur/oslo/bla_skilt/bla_skilt_anne_cath_vestly_wergelandsveien_7.json"
"Uten quiz";"Blått skilt: Astri Stockfleth";"bla_skilt_astri_stockfleth_sofies_gate_74";"naeringsliv";"Oslo";"0";"0";"";"places/naeringsliv/oslo/bla_skilt/bla_skilt_astri_stockfleth_sofies_gate_74.json"
"Uten quiz";"Blått skilt: Aud Schønemann";"bla_skilt_aud_schonemann_vetlandsveien_69d";"scenekunst";"Oslo";"0";"0";"";"places/scenekunst/oslo/bla_skilt_aud_schonemann_vetlandsveien_69d.json"
"Uten quiz";"Blått skilt: Cathinka Guldberg";"bla_skilt_cathinka_guldberg_lovisenberggata_15a";"helse";"Oslo";"0";"0";"";"places/helse/oslo/bla_skilt/bla_skilt_cathinka_guldberg_lovisenberggata_15a.json"
"Uten quiz";"Blått skilt: Christopher Hornsrud";"bla_skilt_christopher_hornsrud_mogens_thorsens_gate_5";"politikk";"Oslo";"0";"0";"";"places/politikk/oslo/places_politikk_oslo_bla_skilt_2026_batch_01/bla_skilt_christopher_hornsrud_mogens_thorsens_gate_5.json"
"Uten quiz";"Blått skilt: Elisabet Helsing";"bla_skilt_elisabet_helsing_thor_olsens_gate_10";"helse";"Oslo";"0";"0";"";"places/helse/oslo/bla_skilt/bla_skilt_elisabet_helsing_thor_olsens_gate_10.json"
"Uten quiz";"Blått skilt: Enerhaugens Samfund";"bla_skilt_enerhaugen_samfund_smedgata_34";"historie";"Oslo";"0";"0";"";"places/historie/oslo/places_historie_oslo_bla_skilt_2026_batch_01/bla_skilt_enerhaugen_samfund_smedgata_34.json"
"Uten quiz";"Blått skilt: Eyde og Birkeland";"bla_skilt_eyde_birkeland_bolteloekka_alle_10";"vitenskap";"Oslo";"0";"0";"";"places/vitenskap/oslo/bla_skilt/bla_skilt_eyde_birkeland_bolteloekka_alle_10.json"
"Uten quiz";"Blått skilt: Fredrikke Qvam";"bla_skilt_fredrikke_qvam_pilestredet_81";"politikk";"Oslo";"0";"0";"";"places/politikk/oslo/bla_skilt/bla_skilt_fredrikke_qvam_pilestredet_81.json"
"Uten quiz";"Blått skilt: Gartnerløkka";"bla_skilt_gartnerlokka_urtegata_50";"by";"Oslo";"0";"0";"";"places/by/oslo/bla_skilt/bla_skilt_gartnerlokka_urtegata_50.json"
"Uten quiz";"Blått skilt: Helga Eng";"bla_skilt_helga_eng_waldemar_thranes_gate_42";"utdanning";"Oslo";"0";"0";"";"places/utdanning/oslo/bla_skilt/bla_skilt_helga_eng_waldemar_thranes_gate_42.json"
"Uten quiz";"Blått skilt: Helverschous løkke";"bla_skilt_helverschous_lokke_munkedamsveien_35";"historie";"Oslo";"0";"0";"";"places/historie/oslo/places_historie_oslo_bla_skilt_2026_batch_01/bla_skilt_helverschous_lokke_munkedamsveien_35.json"
"Uten quiz";"Blått skilt: Holmenkollen Sanatorium";"bla_skilt_holmenkollen_sanatorium_kongeveien_26";"by";"Oslo";"0";"0";"";"places/by/oslo/bla_skilt/bla_skilt_holmenkollen_sanatorium_kongeveien_26.json"
"Uten quiz";"Blått skilt: Inger Sitter";"bla_skilt_inger_sitter_president_harbitz_gate_19b";"kunst";"Oslo";"0";"0";"";"places/kunst/oslo/bla_skilt/bla_skilt_inger_sitter_president_harbitz_gate_19b.json"
"Uten quiz";"Blått skilt: Kim Friele";"bla_skilt_kim_friele_haakon_tveters_vei_12";"politikk";"Oslo";"0";"0";"";"places/politikk/oslo/bla_skilt/bla_skilt_kim_friele_haakon_tveters_vei_12.json"
"Uten quiz";"Blått skilt: Kjeglebanen";"bla_skilt_kjeglebanen_briskebyveien_21";"sport";"Oslo";"0";"0";"";"places/sport/oslo/bla_skilt/bla_skilt_kjeglebanen_briskebyveien_21.json"
"Uten quiz";"Blått skilt: Krisesenteret Camilla";"bla_skilt_krisesenteret_camilla_waldemar_thranes_gate_70";"politikk";"Oslo";"0";"0";"";"places/politikk/oslo/bla_skilt/bla_skilt_krisesenteret_camilla_waldemar_thranes_gate_70.json"
"Uten quiz";"Blått skilt: Marcus Thrane";"bla_skilt_marcus_thrane_fredriksborgveien_18";"politikk";"Oslo";"0";"0";"";"places/politikk/oslo/bla_skilt/bla_skilt_marcus_thrane_fredriksborgveien_18.json"
"Uten quiz";"Blått skilt: Per Ung";"bla_skilt_per_ung_jarlsborgveien_12a";"kunst";"Oslo";"0";"0";"";"places/kunst/oslo/bla_skilt/bla_skilt_per_ung_jarlsborgveien_12a.json"
"Uten quiz";"Blått skilt: Robert Levin";"bla_skilt_robert_levin_gabels_gate_46b";"musikk";"Oslo";"0";"0";"";"places/musikk/oslo/bla_skilt/bla_skilt_robert_levin_gabels_gate_46b.json"
"Uten quiz";"Blått skilt: Sophie Borchgrevink";"bla_skilt_sophie_borchgrevink_cort_adelers_gate_33";"politikk";"Oslo";"0";"0";"";"places/politikk/oslo/bla_skilt/bla_skilt_sophie_borchgrevink_cort_adelers_gate_33.json"
"Uten quiz";"Blått skilt: Stein Mehren";"bla_skilt_stein_mehren_ullevalsveien_60";"litteratur";"Oslo";"0";"0";"";"places/litteratur/oslo/places_litteratur_oslo_bla_skilt_2026_batch_01/bla_skilt_stein_mehren_ullevalsveien_60.json"
"Uten quiz";"Blått skilt: Sulpen";"bla_skilt_sulpen_keysers_gate_5";"helse";"Oslo";"0";"0";"";"places/helse/oslo/bla_skilt/bla_skilt_sulpen_keysers_gate_5.json"
"Uten quiz";"Blått skilt: Thekla Resvoll";"bla_skilt_thekla_resvoll_bestum_tverrvei_1";"vitenskap";"Oslo";"0";"0";"";"places/vitenskap/oslo/bla_skilt/bla_skilt_thekla_resvoll_bestum_tverrvei_1.json"
"Uten quiz";"Blått skilt: Universal Presentkort";"bla_skilt_universal_presentkort_lille_grensen_7";"naeringsliv";"Oslo";"0";"0";"";"places/naeringsliv/oslo/bla_skilt/bla_skilt_universal_presentkort_lille_grensen_7.json"
"Uten quiz";"Blått skilt: Vebjørn Tandberg";"bla_skilt_vebjorn_tandberg_kongens_gate_15";"vitenskap";"Oslo";"0";"0";"";"places/vitenskap/oslo/bla_skilt/bla_skilt_vebjorn_tandberg_kongens_gate_15.json"
"Uten quiz";"Bodø";"bodo";"by";"Øvrige";"0";"0";"";"places/by/nordland/bodo/bodo.json"
"Uten quiz";"Boen gård Kristiansand";"boen_gard_kristiansand";"historie";"Øvrige";"0";"0";"";"places/historie/agder/boen_gard_kristiansand/boen_gard_kristiansand.json"
"Uten quiz";"Bogerudmyra";"bogerudmyra";"natur";"Oslo";"0";"0";"";"places/natur/oslo/places_oslo_natur_ostensjovannet/bogerudmyra.json"
"Med quiz";"Bogstad gård";"bogstad_gard";"historie";"Oslo";"1";"1";"data/quiz/historie/bogstad_gard_sets.json";"places/historie/oslo/places_historie/bogstad_gard.json"
"Uten quiz";"Bogstadvannet";"bogstadvannet";"natur";"Oslo";"0";"0";"";"places/natur/oslo/places_natur/bogstadvannet.json"
"Med quiz";"Bogstadveien";"bogstadveien";"by";"Oslo";"1";"1";"data/quiz/by/bogstadveien_sets.json";"places/by/oslo/places/bogstadveien.json"
"Med quiz";"Bohus festning på Bagaholmen";"bohus_festning_bagaholmen";"historie";"Øvrige";"1";"1";"data/quiz/historie/places_historie_norge_for_1500_batch_04_sets.json";"places/historie/norge/places_historie_norge_for_1500_batch3/bohus_festning_bagaholmen.json"
"Uten quiz";"Boksamlinga Gurine og Johan Ebnes Minde";"gurine_johan_ebnes_minde";"litteratur";"Øvrige";"0";"0";"";"places/litteratur/vestland/etne/gurine_johan_ebnes_minde/gurine_johan_ebnes_minde.json"
"Uten quiz";"Bomuldsfabriken Arendal";"bomuldsfabriken_arendal";"naeringsliv";"Øvrige";"0";"0";"";"places/naeringsliv/agder/bomuldsfabriken_arendal/bomuldsfabriken_arendal.json"
"Uten quiz";"Borgarsyssel Museum / Olavsbyen Sarpsborg";"borgarsyssel_museum_olavsbyen";"historie";"Øvrige";"0";"0";"";"places/historie/ostfold/places_historie_ostfold_batch1/borgarsyssel_museum_olavsbyen.json"
"Med quiz";"Borgåsen bygdeborg";"borgasen_etne";"historie";"Øvrige";"1";"1";"data/quiz/historie/borgasen_etne_sets.json";"places/historie/vestland/etne/borgasen_etne.json"
"Uten quiz";"Borre kirke";"borre_kirke_horten";"religion";"Øvrige";"0";"0";"";"places/historie/vestfold/places_historie_vestfold_batch3/borre_kirke_horten.json"
"Uten quiz";"Borregaard Sarpsborg";"borregaard_sarpsborg_industri";"naeringsliv";"Øvrige";"0";"0";"";"places/naeringsliv/ostfold/borregaard_sarpsborg_industri/borregaard_sarpsborg_industri.json"
"Uten quiz";"Borreparken / Borre-haugene";"borrerhaugene_midgard";"historie";"Øvrige";"0";"0";"";"places/historie/vestfold/places_historie_vestfold_batch1/borrerhaugene_midgard.json"
"Uten quiz";"Botanisk hage";"botanisk_hage";"vitenskap";"Oslo";"0";"0";"";"places/vitenskap/oslo/places_vitenskap/botanisk_hage.json"
"Uten quiz";"Botne kirke";"botne_kirke_holmestrand";"religion";"Øvrige";"0";"0";"";"places/historie/vestfold/places_historie_vestfold_batch3/botne_kirke_holmestrand.json"
"Med quiz";"Botsfengselet";"botsfengselet";"historie";"Oslo";"1";"1";"data/quiz/historie/botsfengselet_sets.json";"places/historie/oslo/places_historie_added_batch_01/botsfengselet.json"
"Med quiz";"Botsparken";"botsparken";"by";"Oslo";"5";"1";"data/quiz/by/botsparken_sets_merged.json";"places/by/oslo/places/botsparken.json"
"Uten quiz";"Bragdøya kystkultursenter";"bragdoya_kystkultursenter";"natur";"Øvrige";"0";"0";"";"places/natur/agder/bragdoya_kystkultursenter/bragdoya_kystkultursenter.json"
"Uten quiz";"Bragernes kirke";"bragernes_kirke";"religion";"Øvrige";"0";"0";"";"places/historie/buskerud/places_historie_buskerud_batch5/bragernes_kirke.json"
"Uten quiz";"Brageteatret – Union Scene";"brageteatret_union_scene";"scenekunst";"Øvrige";"0";"0";"";"places/scenekunst/buskerud/brageteatret_union_scene/brageteatret_union_scene.json"
"Uten quiz";"Brandval kirke";"brandval_kirke";"religion";"Øvrige";"0";"0";"";"places/historie/innlandet/places_historie_innlandet_batch11/brandval_kirke.json"
"Uten quiz";"Brannmuseet i Oslo";"brannmuseet_oslo";"historie";"Oslo";"0";"0";"";"places/historie/oslo/places_historie/brannmuseet_oslo.json"
"Uten quiz";"Braskereidfoss kraftverk";"braskereidfoss_kraftverk";"naeringsliv";"Øvrige";"0";"0";"";"places/naeringsliv/innlandet/braskereidfoss_kraftverk/braskereidfoss_kraftverk.json"
"Med quiz";"Bratsberg gård";"bratsberg_gard";"historie";"Øvrige";"1";"1";"data/quiz/historie/places_historie_norge_for_1500_batch_04_sets.json";"places/historie/norge/places_historie_norge_for_1500_batch3/bratsberg_gard.json"
"Uten quiz";"Brattholmen naturreservat";"brattholmen_naturreservat_etne";"natur";"Øvrige";"0";"0";"";"places/natur/vestland/brattholmen_naturreservat_etne/brattholmen_naturreservat_etne.json"
"Uten quiz";"Bredalsholmen dokk Kristiansand";"bredalsholmen_dokk_kristiansand";"naeringsliv";"Øvrige";"0";"0";"";"places/naeringsliv/agder/bredalsholmen_dokk_kristiansand/bredalsholmen_dokk_kristiansand.json"
"Uten quiz";"Brekke sluser / Haldenkanalen";"brekke_sluser_haldenkanalen";"by";"Øvrige";"0";"0";"";"places/by/ostfold/brekke_sluser_haldenkanalen/brekke_sluser_haldenkanalen.json"
"Uten quiz";"Brekkedammen ved Frysja";"brekkedammen";"natur";"Oslo";"0";"0";"";"places/natur/oslo/brekkedammen.json"
"Uten quiz";"Brekkeparken Skien";"brekkeparken_skien";"historie";"Øvrige";"0";"0";"";"places/historie/telemark/places_historie_telemark_batch1/brekkeparken_skien.json"
"Uten quiz";"Brenneriveien / Ingens gate";"brenneriveien_ingens_gate";"subkultur";"Oslo";"0";"0";"";"places/subkultur/oslo/places_subkultur/brenneriveien_ingens_gate.json"
"Uten quiz";"Brevik byhistorisk miljø / Tollboden";"brevik_byhistorie_tollbod";"by";"Øvrige";"0";"0";"";"places/by/telemark/brevik_byhistorie_tollbod/brevik_byhistorie_tollbod.json"
"Uten quiz";"Brokke kraftverk Valle";"brokke_kraftverk_valle";"naeringsliv";"Øvrige";"0";"0";"";"places/naeringsliv/agder/brokke_kraftverk_valle/brokke_kraftverk_valle.json"
"Med quiz";"Brough of Birsay / Orknøyene";"orkney_birsay";"historie";"Øvrige";"1";"1";"data/quiz/historie/places_historie_norge_for_1500_batch_05_sets.json";"places/historie/norge/places_historie_norge_for_1500_batch4/orkney_birsay.json"
"Uten quiz";"Bruddet Fjæreheia";"bruddet_fjaereheia";"scenekunst";"Øvrige";"0";"0";"";"places/scenekunst/agder/bruddet_fjaereheia/bruddet_fjaereheia.json"
"Uten quiz";"Bruflat kirke";"bruflat_kirke_etnedal";"religion";"Øvrige";"0";"0";"";"places/historie/innlandet/places_historie_innlandet_batch17/bruflat_kirke_etnedal.json"
"Med quiz";"Brugata / Storgata – det åpne rusmiljøet";"brugata_storgata_rusmiljo";"subkultur";"Oslo";"1";"1";"data/quiz/subkultur/brugata_storgata_rusmiljo_sets.json";"places/subkultur/oslo/places_subkultur/brugata_storgata_rusmiljo.json"
"Uten quiz";"Brumunddal mølle / industrimiljø";"brumunddal_molle_industri";"naeringsliv";"Øvrige";"0";"0";"";"places/naeringsliv/innlandet/brumunddal_molle_industri/brumunddal_molle_industri.json"
"Med quiz";"Bruteigsteinen";"bruteigsteinen_etne";"historie";"Øvrige";"1";"1";"data/quiz/historie/bruteigsteinen_etne_sets.json";"places/historie/vestland/etne/bruteigsteinen_etne.json"
"Med quiz";"Bryn industriområde";"bryn_industriomrade";"naeringsliv";"Oslo";"5";"1";"data/quiz/naeringsliv/bryn_industriomrade_sets_merged.json";"places/naeringsliv/oslo/places_naeringsliv/bryn_industriomrade.json"
"Uten quiz";"Budsjord pilegrimsgård";"budsjord_pilegrimsgard";"historie";"Øvrige";"0";"0";"";"places/historie/innlandet/places_historie_innlandet_batch12/budsjord_pilegrimsgard.json"
"Uten quiz";"Bygdø Kongsgård";"bygdoy_kongsgard";"historie";"Oslo";"0";"0";"";"places/historie/oslo/places_historie/bygdoy_kongsgard.json"
"Uten quiz";"Bygdøy Bygdøynes";"bygdoy_bygdoynes";"natur";"Oslo";"0";"0";"";"places/natur/oslo/places_oslo_natur_bygdoy/bygdoy_bygdoynes.json"
"Uten quiz";"Bygdøy Dronningberget";"bygdoy_dronningberget";"natur";"Oslo";"0";"0";"";"places/natur/oslo/places_oslo_natur_bygdoy/bygdoy_dronningberget.json"
"Uten quiz";"Bygdøy Huk";"bygdoy_huk";"natur";"Oslo";"0";"0";"";"places/natur/oslo/places_oslo_natur_bygdoy/bygdoy_huk.json"
"Uten quiz";"Bygdøy Kongeskogen";"bygdoy_kongeskogen";"natur";"Oslo";"0";"0";"";"places/natur/oslo/places_oslo_natur_bygdoy/bygdoy_kongeskogen.json"
"Uten quiz";"Bygdøy Kongsgård salamanderdam";"bygdoy_kongsgard_salamanderdam";"natur";"Oslo";"0";"0";"";"places/natur/oslo/places_oslo_natur_salamanderdammer/bygdoy_kongsgard_salamanderdam.json"
"Uten quiz";"Bygdøy miljøstasjon";"bygdoy_miljostasjon";"natur";"Oslo";"0";"0";"";"places/natur/oslo/miljo_gjenbruk/bygdoy_miljostasjon.json"
"Uten quiz";"Bygdøy natur- og kulturmiljø";"bygdoy_natur";"natur";"Oslo";"0";"0";"";"places/natur/oslo/places_oslo_natur_hovedsteder/bygdoy_natur.json"
"Uten quiz";"Bygdøy Paradisbukta";"bygdoy_paradisbukta";"natur";"Oslo";"0";"0";"";"places/natur/oslo/places_oslo_natur_bygdoy/bygdoy_paradisbukta.json"
"Uten quiz";"Bygland Museum";"bygland_museum";"historie";"Øvrige";"0";"0";"";"places/historie/agder/bygland_museum/bygland_museum.json"
"Uten quiz";"Bykle gamle kyrkje";"bykle_gamle_kyrkje";"religion";"Øvrige";"0";"0";"";"places/historie/agder/places_historie_agder_batch1/bykle_gamle_kyrkje.json"
"Uten quiz";"Byremo tingsted Lyngdal";"byremo_tingsted_lyngdal";"historie";"Øvrige";"0";"0";"";"places/historie/agder/byremo_tingsted_lyngdal/byremo_tingsted_lyngdal.json"
"Uten quiz";"Bærum Kulturhus";"baerum_kulturhus";"scenekunst";"Øvrige";"0";"0";"";"places/scenekunst/akershus/baerum_kulturhus/baerum_kulturhus.json"
"Uten quiz";"Bærums Verk";"baerums_verk_jernverk";"naeringsliv";"Øvrige";"0";"0";"";"places/naeringsliv/akershus/baerums_verk_jernverk/baerums_verk_jernverk.json"
"Uten quiz";"Bø gamle kyrkje";"bo_gamle_kyrkje";"religion";"Øvrige";"0";"0";"";"places/historie/telemark/places_historie_telemark_batch2/bo_gamle_kyrkje.json"
"Uten quiz";"Bø stasjon / Sørlandsbanen";"bo_stasjon_sorlandsbanen";"by";"Øvrige";"0";"0";"";"places/by/telemark/bo_stasjon_sorlandsbanen/bo_stasjon_sorlandsbanen.json"
"Uten quiz";"Bøkeskogen på Milja";"bokeskogen_milja";"natur";"Øvrige";"0";"0";"";"places/natur/vestland/etne/bokeskogen_milja/bokeskogen_milja.json"
"Uten quiz";"Bølerbekkens utløp i Østensjøvannet";"ostensjovannet_sor";"natur";"Oslo";"0";"0";"";"places/natur/oslo/places_oslo_natur_ostensjovannet/ostensjovannet_sor.json"
"Uten quiz";"Bønsnes kirke";"boensnes_kirke";"religion";"Øvrige";"0";"0";"";"places/historie/buskerud/places_historie_buskerud_batch3/boensnes_kirke.json"
"Uten quiz";"Bøylefoss kraftverk Froland";"boylefoss_kraftverk_froland";"naeringsliv";"Øvrige";"0";"0";"";"places/naeringsliv/agder/boylefoss_kraftverk_froland/boylefoss_kraftverk_froland.json"
"Uten quiz";"Bånkall gård";"bankall_gard";"historie";"Oslo";"0";"0";"";"places/historie/oslo/places_historie_oslo_kultureiendommer_batch_13/bankall_gard.json"
"Uten quiz";"Båntjern salamanderlokalitet";"bantjern_salamanderlokalitet";"natur";"Oslo";"0";"0";"";"places/natur/oslo/places_oslo_natur_salamanderdammer/bantjern_salamanderlokalitet.json"
"Uten quiz";"Café Engebret";"cafe_engebret";"naeringsliv";"Oslo";"0";"0";"";"places/naeringsliv/oslo/places_naeringsliv_oslo_oppdag_kvadraturen_batch_02/cafe_engebret.json"
"Uten quiz";"Cais do Sodré";"lisbon_cais_do_sodre";"by";"Lisboa";"0";"0";"";"places/by/europe/portugal/lisbon/places_lisbon_by/lisbon_cais_do_sodre.json"
"Med quiz";"Camilla Collett-statuen";"camilla_collett_statue";"litteratur";"Oslo";"5";"1";"data/quiz/litteratur/camilla_collett_statue_sets_merged.json";"places/litteratur/oslo/places_litteratur/camilla_collett_statue.json"
"Uten quiz";"Campo de Ourique";"lisbon_campo_de_ourique";"by";"Lisboa";"0";"0";"";"places/by/europe/portugal/lisbon/places_lisbon_by/lisbon_campo_de_ourique.json"
"Uten quiz";"Campo Pequeno";"lisbon_campo_pequeno";"by";"Lisboa";"0";"0";"";"places/by/europe/portugal/lisbon/places_lisbon_by/lisbon_campo_pequeno.json"
"Med quiz";"Carl Berners plass";"carl_berner_plass";"by";"Oslo";"1";"1";"data/quiz/by/carl_berner_sets.json";"places/by/oslo/places/carl_berner_plass.json"
"Uten quiz";"Casa dos Bicos / Fundação José Saramago";"lisbon_casa_dos_bicos";"litteratur";"Lisboa";"0";"0";"";"places/litteratur/europe/portugal/lisbon/places_lisbon_litteratur/lisbon_casa_dos_bicos.json"
"Uten quiz";"Casa dos Estudantes do Império";"lisbon_casa_dos_estudantes_do_imperio";"litteratur";"Lisboa";"0";"0";"";"places/litteratur/europe/portugal/lisbon/places_lisbon_litteratur/lisbon_casa_dos_estudantes_do_imperio.json"
"Uten quiz";"Casa Fernando Pessoa";"lisbon_casa_fernando_pessoa";"litteratur";"Lisboa";"0";"0";"";"places/litteratur/europe/portugal/lisbon/places_lisbon_litteratur/lisbon_casa_fernando_pessoa.json"
"Uten quiz";"Casa-Museu Amália Rodrigues";"lisbon_casa_museu_amalia_rodrigues";"musikk";"Lisboa";"0";"0";"";"places/musikk/europe/portugal/lisbon/lisbon_casa_museu_amalia_rodrigues.json"
"Uten quiz";"Castelo de São Jorge";"lisbon_castelo_de_sao_jorge";"historie";"Lisboa";"0";"0";"";"places/historie/europe/portugal/lisbon/places_lisbon_historie/lisbon_castelo_de_sao_jorge.json"
"Uten quiz";"Cemitério dos Prazeres";"lisbon_cemiterio_dos_prazeres";"litteratur";"Lisboa";"0";"0";"";"places/litteratur/europe/portugal/lisbon/places_lisbon_litteratur/lisbon_cemiterio_dos_prazeres.json"
"Uten quiz";"Central Jam-e-Mosque";"central_jam_e_mosque";"religion";"Oslo";"0";"0";"";"places/historie/oslo/places_historie/central_jam_e_mosque.json"
"Uten quiz";"Centralbanken";"centralbanken_kirkegata";"naeringsliv";"Oslo";"0";"0";"";"places/naeringsliv/oslo/places_naeringsliv_oslo_oppdag_kvadraturen_batch_01/centralbanken_kirkegata.json"
"Uten quiz";"Centralteatret";"centralteatret";"scenekunst";"Oslo";"0";"0";"";"places/scenekunst/oslo/places_scenekunst/centralteatret.json"
"Uten quiz";"Centro Cultural de Belém";"lisbon_centro_cultural_de_belem";"kunst";"Lisboa";"0";"0";"";"places/kunst/europe/portugal/lisbon/places_lisbon_kunst/lisbon_centro_cultural_de_belem.json"
"Med quiz";"Centro Náutico de Belém";"lisbon_centro_nautico_de_belem";"sport";"Lisboa";"6";"1";"data/quiz/sport/lisbon_centro_nautico_de_belem_sets.json";"places/sport/europa/portugal/sportvenues_lisbon/lisbon_centro_nautico_de_belem.json"
"Uten quiz";"Chat Noir";"chat_noir";"scenekunst";"Oslo";"0";"0";"";"places/scenekunst/oslo/places_scenekunst/chat_noir.json"
"Uten quiz";"Chateau Neuf";"chateau_neuf";"scenekunst";"Oslo";"0";"0";"";"places/scenekunst/oslo/chateau_neuf.json"
"Uten quiz";"Chiado";"lisbon_chiado";"by";"Lisboa";"0";"0";"";"places/by/europe/portugal/lisbon/places_lisbon_by/lisbon_chiado.json"
"Uten quiz";"Christian Radich";"christian_radich";"historie";"Oslo";"0";"0";"";"places/historie/oslo/places_historie/christian_radich.json"
"Med quiz";"Christiania Seildugsfabrik";"christiania_seildugsfabrik";"naeringsliv";"Oslo";"5";"1";"data/quiz/naeringsliv/christiania_seildugsfabrik_sets_merged.json";"places/naeringsliv/oslo/places_naeringsliv/christiania_seildugsfabrik.json"
"Med quiz";"Christiania Torv";"christiania_torv";"by";"Oslo";"1";"1";"data/quiz/by/christiania_torv_sets.json";"places/by/oslo/places/christiania_torv.json"
"Uten quiz";"Christiansholm festning Kristiansand";"christiansholm_festning_kristiansand";"historie";"Øvrige";"0";"0";"";"places/historie/agder/places_historie_agder_batch1/christiansholm_festning_kristiansand.json"
"Uten quiz";"Cinema Ideal";"lisbon_cinema_ideal";"film_tv";"Lisboa";"0";"0";"";"places/film_tv/europe/portugal/lisbon/places_lisbon_film_tv/lisbon_cinema_ideal.json"
"Uten quiz";"Cinema Nimas";"lisbon_cinema_nimas";"film_tv";"Lisboa";"0";"0";"";"places/film_tv/europe/portugal/lisbon/places_lisbon_film_tv/lisbon_cinema_nimas.json"
"Uten quiz";"Cinema São Jorge";"lisbon_cinema_sao_jorge";"film_tv";"Lisboa";"0";"0";"";"places/film_tv/europe/portugal/lisbon/places_lisbon_film_tv/lisbon_cinema_sao_jorge.json"
"Uten quiz";"Cinemateca Portuguesa";"lisbon_cinemateca_portuguesa";"film_tv";"Lisboa";"0";"0";"";"places/film_tv/europe/portugal/lisbon/places_lisbon_film_tv/lisbon_cinemateca_portuguesa.json"
"Uten quiz";"Cinemateket i Oslo";"cinemateket_oslo";"film_tv";"Oslo";"0";"0";"";"places/film_tv/oslo/cinemateket_oslo.json"
"Uten quiz";"Citadellet Stavern";"citadellet_stavern";"historie";"Øvrige";"0";"0";"";"places/historie/vestfold/places_historie_vestfold_batch5/citadellet_stavern.json"
"Uten quiz";"Clemenskirkeruinen";"clemenskirken_ruin_oslo";"historie";"Oslo";"0";"0";"";"places/historie/oslo/places_historie/clemenskirken_ruin_oslo.json"
"Uten quiz";"Club 7";"club_7_vika";"subkultur";"Oslo";"0";"0";"";"places/subkultur/oslo/places_subkultur/club_7_vika.json"
"Uten quiz";"Clube de Fado";"lisbon_clube_de_fado";"musikk";"Lisboa";"0";"0";"";"places/musikk/europe/portugal/lisbon/places_lisbon_musikk/lisbon_clube_de_fado.json"
"Med quiz";"Coliseu dos Recreios";"lisbon_coliseu_dos_recreios";"musikk";"Lisboa";"5";"1";"data/quiz/musikk/Lisboa/lisbon_coliseu_dos_recreios_sets_merged.json";"places/musikk/europe/portugal/lisbon/places_lisbon_musikk/lisbon_coliseu_dos_recreios.json"
"Uten quiz";"Colosseum kino";"colosseum_kino";"film_tv";"Oslo";"0";"0";"";"places/film_tv/oslo/colosseum_kino.json"
"Uten quiz";"Conserveira de Lisboa";"lisbon_conserveira_de_lisboa";"naeringsliv";"Lisboa";"0";"0";"";"places/naeringsliv/europe/portugal/lisbon/places_lisbon_naeringsliv/lisbon_conserveira_de_lisboa.json"
"Med quiz";"Construction City";"ulven_handelspark";"naeringsliv";"Oslo";"5";"1";"data/quiz/naeringsliv/ulven_handelspark_sets_merged.json";"places/naeringsliv/oslo/places_naeringsliv/ulven_handelspark.json"
"Uten quiz";"Convento do Carmo";"lisbon_convento_do_carmo";"historie";"Lisboa";"0";"0";"";"places/historie/europe/portugal/lisbon/places_lisbon_historie/lisbon_convento_do_carmo.json"
"Uten quiz";"Cordoaria Nacional";"lisbon_cordoaria_nacional";"naeringsliv";"Lisboa";"0";"0";"";"places/naeringsliv/europe/portugal/lisbon/places_lisbon_naeringsliv/lisbon_cordoaria_nacional.json"
"Uten quiz";"Cornerteateret";"cornerteateret";"scenekunst";"Øvrige";"0";"0";"";"places/scenekunst/vestland/cornerteateret/cornerteateret.json"
"Uten quiz";"Craven Cottage";"craven_cottage_london";"sport";"Øvrige";"0";"0";"";"places/sport/europa/england/footballgrounds_london/craven_cottage_london.json"
"Uten quiz";"Crew Hassan";"lisbon_crew_hassan";"subkultur";"Lisboa";"0";"0";"";"places/subkultur/europe/portugal/lisbon/places_lisbon_subkultur/lisbon_crew_hassan.json"
"Uten quiz";"Culturgest";"lisbon_culturgest";"kunst";"Lisboa";"0";"0";"";"places/kunst/europe/portugal/lisbon/places_lisbon_kunst/lisbon_culturgest.json"
"Uten quiz";"D/F Ammonia ved Mæl";"df_ammonia_mael";"by";"Øvrige";"0";"0";"";"places/by/telemark/df_ammonia_mael/df_ammonia_mael.json"
"Uten quiz";"D/S Hestmanden Kristiansand";"ds_hestmanden_kristiansand";"historie";"Øvrige";"0";"0";"";"places/historie/agder/ds_hestmanden_kristiansand/ds_hestmanden_kristiansand.json"
"Uten quiz";"Dagali Museum";"dagali_museum";"historie";"Øvrige";"0";"0";"";"places/historie/buskerud/places_historie_buskerud_batch4/dagali_museum.json"
"Med quiz";"Dagbladet – Akersgata 49";"dagbladet_akersgata";"media";"Oslo";"6";"1";"data/quiz/media/dagbladet_akersgata_sets.json";"places/media/oslo/places_oslo_media/dagbladet_akersgata.json"
"Uten quiz";"Dalen Hotel";"dalen_hotel_tokke";"naeringsliv";"Øvrige";"0";"0";"";"places/naeringsliv/telemark/dalen_hotel_tokke/dalen_hotel_tokke.json"
"Uten quiz";"Dampskipet Bjoren Bygland";"dampskipet_bjoren_bygland";"by";"Øvrige";"0";"0";"";"places/by/agder/dampskipet_bjoren_bygland/dampskipet_bjoren_bygland.json"
"Med quiz";"Damstredet og Telthusbakken";"damstredet_telthusbakken";"by";"Oslo";"2";"2";"data/quiz/by/damstredet_telthusbakken_sets.json | data/quiz/historie/damstredet_telthusbakken_sets.json";"places/by/oslo/damstredet_telthusbakken/damstredet_telthusbakken.json"
"Uten quiz";"Dansens Hus";"dansens_hus_oslo";"scenekunst";"Oslo";"0";"0";"";"places/scenekunst/oslo/places_scenekunst/dansens_hus_oslo.json"
"Med quiz";"Deichman Bjørvika";"deichman_bjorvika";"by";"Oslo";"9";"2";"data/quiz/by/deichman_bjorvika_sets.json | data/quiz/litteratur/deichman_bjorvika_sets.json";"places/by/oslo/places/deichman_bjorvika.json"
"Med quiz";"Deichman Grünerløkka";"deichman_grunerlokka";"litteratur";"Oslo";"2";"1";"data/quiz/litteratur/deichman_grunerlokka_sets_merged.json";"places/litteratur/oslo/places_litteratur/deichman_grunerlokka.json"
"Med quiz";"Den førromerske landsbyen ved Etnesjøen";"etnesjoen_forromersk_landsby";"historie";"Øvrige";"1";"1";"data/quiz/historie/etnesjoen_forromersk_landsby_sets.json";"places/historie/vestland/etne/etnesjoen_forromersk_landsby.json"
"Uten quiz";"Den gamle Krigsskolen";"den_gamle_krigsskolen";"historie";"Oslo";"0";"0";"";"places/historie/oslo/places_historie_oslo_oppdag_kvadraturen_batch_01/den_gamle_krigsskolen.json"
"Med quiz";"Den gamle Norges Bank";"grunnlovsbygget_bankplassen";"naeringsliv";"Oslo";"5";"1";"data/quiz/naeringsliv/grunnlovsbygget_bankplassen_sets_merged (1).json";"places/naeringsliv/oslo/places_naeringsliv/grunnlovsbygget_bankplassen.json"
"Uten quiz";"Den Nationale Scene";"den_nationale_scene";"scenekunst";"Øvrige";"0";"0";"";"places/scenekunst/vestland/den_nationale_scene/den_nationale_scene.json"
"Uten quiz";"Desterro";"lisbon_desterro";"subkultur";"Lisboa";"0";"0";"";"places/subkultur/europe/portugal/lisbon/places_lisbon_subkultur/lisbon_desterro.json"
"Uten quiz";"Det Andre Teatret";"det_andre_teatret";"scenekunst";"Oslo";"0";"0";"";"places/scenekunst/oslo/places_scenekunst/det_andre_teatret.json"
"Uten quiz";"Det Andre Teatret – Intimscenen";"det_andre_teatret_intimscenen";"scenekunst";"Oslo";"0";"0";"";"places/scenekunst/oslo/places_scenekunst/det_andre_teatret_intimscenen.json"
"Uten quiz";"Det internasjonale Barnekunstmuseet";"det_internasjonale_barnekunstmuseet";"kunst";"Oslo";"0";"0";"";"places/kunst/oslo/places_kunst/det_internasjonale_barnekunstmuseet.json"
"Med quiz";"Det kongelige mausoleum";"det_kongelige_mausoleum";"religion";"Oslo";"4";"1";"data/quiz/religion/det_kongelige_mausoleum_sets.json";"places/religion/oslo/det_kongelige_mausoleum/det_kongelige_mausoleum.json"
"Med quiz";"Det kongelige slott";"slottet";"politikk";"Oslo";"9";"2";"data/quiz/historie/slottet_sets.json | data/quiz/politikk/slottet_sets.json";"places/politikk/oslo/slottet/slottet.json"
"Med quiz";"Det Norske Teatret";"det_norske_teatret";"scenekunst";"Oslo";"5";"1";"data/quiz/musikk/det_norske_teatret_sets_merged.json";"places/scenekunst/oslo/places_scenekunst/det_norske_teatret.json"
"Uten quiz";"Det Vestnorske Teateret";"det_vestnorske_teateret";"scenekunst";"Øvrige";"0";"0";"";"places/scenekunst/vestland/det_vestnorske_teateret/det_vestnorske_teateret.json"
"Uten quiz";"DFDS-bygget";"dfds_bygget";"naeringsliv";"Oslo";"0";"0";"";"places/naeringsliv/oslo/places_naeringsliv_oslo_oppdag_kvadraturen_batch_03/dfds_bygget.json"
"Med quiz";"Diário de Notícias-bygget";"lisbon_diario_de_noticias";"media";"Lisboa";"6";"1";"data/quiz/media/lisbon_diario_de_noticias_sets.json";"places/media/europe/portugal/lisbon/places_lisbon_media/lisbon_diario_de_noticias.json"
"Uten quiz";"Doca de Alcântara";"lisbon_doca_de_alcantara";"naeringsliv";"Lisboa";"0";"0";"";"places/naeringsliv/europe/portugal/lisbon/places_lisbon_naeringsliv/lisbon_doca_de_alcantara.json"
"Uten quiz";"Doclisboa – Festival Internacional de Cinema";"lisbon_doclisboa";"film_tv";"Lisboa";"0";"0";"";"places/film_tv/europe/portugal/lisbon/places_lisbon_film_tv/lisbon_doclisboa.json"
"Uten quiz";"Dokka stasjon / Valdresbanen";"dokka_stasjon_valdresbanen";"by";"Øvrige";"0";"0";"";"places/by/innlandet/dokka_stasjon_valdresbanen/dokka_stasjon_valdresbanen.json"
"Uten quiz";"Dombås / krigsminne 1940";"dombas_krigsminne_1940";"historie";"Øvrige";"0";"0";"";"places/historie/innlandet/places_historie_innlandet_batch18/dombas_krigsminne_1940.json"
"Uten quiz";"Dombås stasjon / jernbaneknutepunkt";"dombas_stasjon_jernbaneknutepunkt";"by";"Øvrige";"0";"0";"";"places/by/innlandet/dombas_stasjon_jernbaneknutepunkt/dombas_stasjon_jernbaneknutepunkt.json"
"Uten quiz";"Domkirkeodden / Hamardomen";"domkirkeodden_hamar";"historie";"Øvrige";"0";"0";"";"places/historie/innlandet/places_historie_innlandet_batch1/domkirkeodden_hamar.json"
"Uten quiz";"Dovre kirke";"dovre_kirke";"religion";"Øvrige";"0";"0";"";"places/historie/innlandet/places_historie_innlandet_batch7/dovre_kirke.json"
"Med quiz";"Downpatrick og Magnus Berrføtt";"downpatrick_magnus_berrfott";"historie";"Øvrige";"1";"1";"data/quiz/historie/places_historie_norge_for_1500_batch_04_sets.json";"places/historie/norge/places_historie_norge_for_1500_batch4/downpatrick_magnus_berrfott.json"
"Med quiz";"Dramatikkens hus";"dramatikkens_hus";"scenekunst";"Oslo";"1";"1";"data/quiz/scenekunst/dramatikkens_hus_sets.json";"places/scenekunst/oslo/dramatikkens_hus/dramatikkens_hus.json"
"Uten quiz";"Drammen Museum / Marienlyst";"drammen_museum_marienlyst";"historie";"Øvrige";"0";"0";"";"places/historie/buskerud/places_historie_buskerud_batch2/drammen_museum_marienlyst.json"
"Uten quiz";"Drammen tollbod / havneområdet";"drammen_tollbod_havn";"by";"Øvrige";"0";"0";"";"places/by/buskerud/drammen_tollbod_havn/drammen_tollbod_havn.json"
"Uten quiz";"Drammens Teater";"drammens_teater";"scenekunst";"Øvrige";"0";"0";"";"places/scenekunst/buskerud/drammens_teater/drammens_teater.json"
"Uten quiz";"Drangedal kirke";"drangedal_kirke";"religion";"Øvrige";"0";"0";"";"places/historie/telemark/places_historie_telemark_batch5/drangedal_kirke.json"
"Med quiz";"Driftevegen Stordalen–Røldal";"driftevegen_stordalen_roldal";"historie";"Øvrige";"1";"1";"data/quiz/historie/driftevegen_stordalen_roldal_sets.json";"places/historie/vestland/etne/driftevegen_stordalen_roldal.json"
"Uten quiz";"Dronning Sonja KunstStall";"dronning_sonja_kunststall";"kunst";"Oslo";"0";"0";"";"places/kunst/oslo/places_kunst/dronning_sonja_kunststall.json"
"Uten quiz";"Drøbak kirke";"drobak_kirke";"religion";"Øvrige";"0";"0";"";"places/by/akershus/drobak_kirke/drobak_kirke.json"
"Uten quiz";"DS Skibladner / Gjøvik brygge";"skibladner_gjovik";"by";"Øvrige";"0";"0";"";"places/by/innlandet/skibladner_gjovik/skibladner_gjovik.json"
"Med quiz";"Duesteinen";"duesteinen_etne";"historie";"Øvrige";"1";"1";"data/quiz/historie/duesteinen_etne_sets.json";"places/historie/vestland/etne/duesteinen_etne.json"
"Uten quiz";"Dypvåg kirke";"dypvag_kirke_tvedestrand";"religion";"Øvrige";"0";"0";"";"places/historie/agder/dypvag_kirke_tvedestrand/dypvag_kirke_tvedestrand.json"
"Med quiz";"Dælenenga idrettspark";"daelenenga_idrettspark";"sport";"Øvrige";"1";"1";"data/quiz/sport/daelenenga_idrettspark_sets.json";"places/sport/europa/norway/oslo_sport/daelenenga_idrettspark.json"
"Uten quiz";"Dømmesmoen Grimstad";"dommesmoen_grimstad";"vitenskap";"Øvrige";"0";"0";"";"places/vitenskap/agder/dommesmoen_grimstad/dommesmoen_grimstad.json"
"Uten quiz";"Edderkoppen Scene";"edderkoppen_scene";"scenekunst";"Oslo";"0";"0";"";"places/scenekunst/oslo/places_scenekunst/edderkoppen_scene.json"
"Uten quiz";"EDP Headquarters";"lisbon_edp_headquarters";"naeringsliv";"Lisboa";"0";"0";"";"places/naeringsliv/europe/portugal/lisbon/places_lisbon_naeringsliv/lisbon_edp_headquarters.json"
"Uten quiz";"Edvard Munchs atelier på Ekely";"edvard_munchs_atelier_ekely";"kunst";"Oslo";"0";"0";"";"places/kunst/oslo/places_kunst/edvard_munchs_atelier_ekely.json"
"Uten quiz";"Egeland Verk Gjerstad";"egeland_verk_gjerstad";"naeringsliv";"Øvrige";"0";"0";"";"places/naeringsliv/agder/egeland_verk_gjerstad/egeland_verk_gjerstad.json"
"Uten quiz";"Egertorget";"egertorget";"by";"Oslo";"0";"0";"";"places/by/oslo/places_by_oslo_oppdag_kvadraturen_batch_03/egertorget.json"
"Med quiz";"Egge gård og Egge museum";"egge_gard_steinkjer";"historie";"Øvrige";"1";"1";"data/quiz/historie/places_historie_norge_for_1500_batch_02_sets.json";"places/historie/norge/places_historie_norge_for_1500_batch2/egge_gard_steinkjer.json"
"Uten quiz";"Eggedal Mølle";"eggedal_molle";"naeringsliv";"Øvrige";"0";"0";"";"places/naeringsliv/buskerud/eggedal_molle/eggedal_molle.json"
"Uten quiz";"Eidanger kirke";"eidanger_kirke_porsgrunn";"religion";"Øvrige";"0";"0";"";"places/historie/telemark/places_historie_telemark_batch3/eidanger_kirke_porsgrunn.json"
"Uten quiz";"Eide kirke Grimstad";"eide_kirke_grimstad";"religion";"Øvrige";"0";"0";"";"places/historie/agder/eide_kirke_grimstad/eide_kirke_grimstad.json"
"Uten quiz";"Eidsberg kirke";"eidsberg_kirke";"religion";"Øvrige";"0";"0";"";"places/historie/ostfold/places_historie_ostfold_batch2/eidsberg_kirke.json"
"Uten quiz";"Eidsborg stavkirke";"eidsborg_stavkirke";"religion";"Øvrige";"0";"0";"";"places/historie/telemark/places_historie_telemark_batch1/eidsborg_stavkirke.json"
"Uten quiz";"Eidsfoss jernverk";"eidsfoss_jernverk";"naeringsliv";"Øvrige";"0";"0";"";"places/naeringsliv/vestfold/eidsfoss_jernverk/eidsfoss_jernverk.json"
"Uten quiz";"Eidskog museum / Almenninga";"eidskog_museum_almenninga";"historie";"Øvrige";"0";"0";"";"places/historie/innlandet/places_historie_innlandet_batch6/eidskog_museum_almenninga.json"
"Uten quiz";"Eidsvoll Verk / Andelva";"eidsvoll_verk_andelva";"naeringsliv";"Øvrige";"0";"0";"";"places/naeringsliv/akershus/eidsvoll_verk_andelva/eidsvoll_verk_andelva.json"
"Med quiz";"Eidsvolls plass";"eidsvolls_plass";"politikk";"Oslo";"8";"1";"data/quiz/politikk/eidsvolls_plass_sets.json";"places/politikk/oslo/places_politikk/eidsvolls_plass.json"
"Med quiz";"Eidsvollsbygningen";"eidsvollsbygningen";"politikk";"Øvrige";"1";"1";"data/quiz/historie/eidsvollsbygningen_sets.json";"places/politikk/akershus/eidsvollsbygningen/eidsvollsbygningen.json"
"Uten quiz";"Eiken kirke Hægebostad";"eiken_kirke_haegebostad";"religion";"Øvrige";"0";"0";"";"places/historie/agder/eiken_kirke_haegebostad/eiken_kirke_haegebostad.json"
"Uten quiz";"Eina stasjon / Totenbanen";"eina_stasjon_totenbanen";"by";"Øvrige";"0";"0";"";"places/by/innlandet/eina_stasjon_totenbanen/eina_stasjon_totenbanen.json"
"Uten quiz";"Einunna kraftverk / Folldal";"einunna_kraftverk_folldal";"naeringsliv";"Øvrige";"0";"0";"";"places/naeringsliv/innlandet/einunna_kraftverk_folldal/einunna_kraftverk_folldal.json"
"Med quiz";"Ekebergparken Museum";"ekebergparken_museum";"historie";"Oslo";"1";"1";"data/quiz/historie/ekebergparken_museum_sets.json";"places/historie/oslo/places_historie/ekebergparken_museum.json"
"Med quiz";"Ekebergparken skulpturpark";"ekebergparken";"kunst";"Oslo";"6";"1";"data/quiz/kunst/ekebergparken_sets.json";"places/kunst/oslo/places_kunst/ekebergparken.json"
"Med quiz";"Ekebergsletta";"ekebergsletta";"sport";"Øvrige";"1";"1";"data/quiz/sport/ekebergsletta_sets.json";"places/sport/europa/norway/oslo_sport/ekebergsletta.json"
"Med quiz";"EKT Rideskole og Husdyrpark";"ekt_rideskole_husdyrpark";"sport";"Øvrige";"1";"1";"data/quiz/sport/ekt_rideskole_husdyrpark_sets.json";"places/sport/europa/norway/oslo_sport/ekt_rideskole_husdyrpark.json"
"Med quiz";"Eldorado Bokhandel";"eldorado_bokhandel";"litteratur";"Oslo";"5";"1";"data/quiz/litteratur/eldorado_bokhandel_sets_merged.json";"places/litteratur/oslo/places_litteratur/eldorado_bokhandel.json"
"Uten quiz";"Elevador de Santa Justa";"lisbon_elevador_de_santa_justa";"by";"Lisboa";"0";"0";"";"places/by/europe/portugal/lisbon/places_lisbon_by/lisbon_elevador_de_santa_justa.json"
"Med quiz";"Elgeseter kloster i Klostergata";"elgeseter_kloster";"historie";"Øvrige";"1";"1";"data/quiz/historie/places_historie_norge_for_1500_batch_03_sets.json";"places/historie/norge/places_historie_norge_for_1500_batch2/elgeseter_kloster.json"
"Uten quiz";"Elingaard herregård";"elingaard_herregard";"historie";"Øvrige";"0";"0";"";"places/historie/ostfold/places_historie_ostfold_batch6/elingaard_herregard.json"
"Med quiz";"Elvepartiet nedenfor Nydalsdammen";"stilla_nydalen";"natur";"Oslo";"6";"1";"data/quiz/natur/stilla_nydalen_sets.json";"places/natur/oslo/places_oslo_natur_akerselvarute/stilla_nydalen.json"
"Uten quiz";"Elverum folkehøgskole / Elverumsfullmakten";"elverum_folkehogskole_1940";"politikk";"Øvrige";"0";"0";"";"places/politikk/innlandet/elverum_folkehogskole_1940/elverum_folkehogskole_1940.json"
"Uten quiz";"Elverum stasjon / jernbanemiljø";"elverum_stasjon_jernbanemiljo";"by";"Øvrige";"0";"0";"";"places/by/innlandet/elverum_stasjon_jernbanemiljo/elverum_stasjon_jernbanemiljo.json"
"Med quiz";"Elvestrekning ved Blå (Brenneriveien)";"elvestrekning_bla_brenneriveien";"natur";"Oslo";"6";"1";"data/quiz/natur/elvestrekning_bla_brenneriveien_sets.json";"places/natur/oslo/places_oslo_natur_akerselvarute/elvestrekning_bla_brenneriveien.json"
"Uten quiz";"Emanuel Vigelands mausoleum";"emanuel_vigeland_mausoleum";"kunst";"Oslo";"0";"0";"";"places/kunst/oslo/places_kunst/emanuel_vigeland_mausoleum.json"
"Uten quiz";"Emirates Stadium";"emirates_stadium_london";"sport";"Øvrige";"0";"0";"";"places/sport/europa/england/footballgrounds_london/emirates_stadium_london.json"
"Uten quiz";"Enebakk kirke";"enebakk_kirke";"religion";"Øvrige";"0";"0";"";"places/historie/akershus/places_historie_akershus_batch2/enebakk_kirke.json"
"Uten quiz";"Engebanen";"engebanen_etne";"sport";"Øvrige";"0";"0";"";"places/sport/vestland/etne/engebanen_etne/engebanen_etne.json"
"Uten quiz";"Entrecampos";"lisbon_entrecampos";"by";"Lisboa";"0";"0";"";"places/by/europe/portugal/lisbon/places_lisbon_by/lisbon_entrecampos.json"
"Med quiz";"Erkebispegården i Nidaros";"nidaros_erkebispegarden";"historie";"Øvrige";"1";"1";"data/quiz/historie/places_historie_norge_for_1500_batch_03_sets.json";"places/historie/norge/places_historie_norge_for_1500_batch3/nidaros_erkebispegarden.json"
"Uten quiz";"Espedalen nikkelverk";"espedalen_nikkelverk";"naeringsliv";"Øvrige";"0";"0";"";"places/naeringsliv/innlandet/espedalen_nikkelverk/espedalen_nikkelverk.json"
"Uten quiz";"Estação do Oriente";"lisbon_oriente_station";"by";"Lisboa";"0";"0";"";"places/by/europe/portugal/lisbon/places_lisbon_by/lisbon_oriente_station.json"
"Uten quiz";"Estação do Rossio";"lisbon_estacao_do_rossio";"by";"Lisboa";"0";"0";"";"places/by/europe/portugal/lisbon/lisbon_estacao_do_rossio/lisbon_estacao_do_rossio.json"
"Uten quiz";"Estádio da Luz";"lisbon_estadio_da_luz";"sport";"Lisboa";"0";"0";"";"places/sport/europa/portugal/footballgrounds_lisbon/lisbon_estadio_da_luz.json"
"Uten quiz";"Estádio da Tapadinha";"lisbon_estadio_da_tapadinha";"sport";"Lisboa";"0";"0";"";"places/sport/europa/portugal/footballgrounds_lisbon/lisbon_estadio_da_tapadinha.json"
"Uten quiz";"Estádio do Restelo (Complexo Desportivo do Restelo)";"lisbon_complexo_desportivo_do_restelo";"sport";"Lisboa";"0";"0";"";"places/sport/europa/portugal/footballgrounds_lisbon/lisbon_complexo_desportivo_do_restelo.json"
"Uten quiz";"Estádio José Alvalade";"lisbon_estadio_jose_alvalade";"sport";"Lisboa";"0";"0";"";"places/sport/europa/portugal/footballgrounds_lisbon/lisbon_estadio_jose_alvalade.json"
"Uten quiz";"Estádio José Gomes";"lisbon_estadio_jose_gomes_amadora";"sport";"Lisboa";"0";"0";"";"places/sport/europa/portugal/footballgrounds_lisbon/lisbon_estadio_jose_gomes_amadora.json"
"Uten quiz";"Estádio Nacional do Jamor";"lisbon_estadio_nacional_jamor";"sport";"Lisboa";"0";"0";"";"places/sport/europa/portugal/footballgrounds_lisbon/lisbon_estadio_nacional_jamor.json"
"Uten quiz";"Estádio Universitário de Lisboa";"lisbon_estadio_universitario";"sport";"Lisboa";"0";"0";"";"places/sport/europa/portugal/sportvenues_lisbon/lisbon_estadio_universitario.json"
"Uten quiz";"Estátua de Eça de Queirós";"lisbon_estatua_eca_de_queiros";"litteratur";"Lisboa";"0";"0";"";"places/litteratur/europe/portugal/lisbon/places_lisbon_litteratur/lisbon_estatua_eca_de_queiros.json"
"Uten quiz";"Estrela";"lisbon_estrela";"by";"Lisboa";"0";"0";"";"places/by/europe/portugal/lisbon/places_lisbon_by/lisbon_estrela.json"
"Uten quiz";"Etne BMX- og skatepark";"etne_bmx_og_skatepark";"sport";"Øvrige";"0";"0";"";"places/sport/vestland/etne/etne_bmx_og_skatepark/etne_bmx_og_skatepark.json"
"Uten quiz";"Etne brannstasjon";"etne_brannstasjon";"politikk";"Øvrige";"0";"0";"";"places/politikk/vestland/etne/etne_brannstasjon.json"
"Uten quiz";"Etne idrettsanlegg";"etne_idrettsanlegg";"sport";"Øvrige";"0";"0";"";"places/sport/vestland/etne/etne_idrettsanlegg/etne_idrettsanlegg.json"
"Uten quiz";"Etne Kyokushin-dojoen";"etne_kyokushin_dojo";"sport";"Øvrige";"0";"0";"";"places/sport/vestland/etne/etne_kyokushin_dojo/etne_kyokushin_dojo.json"
"Uten quiz";"Etne kyrkje";"etne_kyrkje";"religion";"Øvrige";"0";"0";"";"places/religion/vestland/etne/etne_kyrkje/etne_kyrkje.json"
"Med quiz";"Etne prestebustad";"etne_prestebustad";"historie";"Øvrige";"1";"1";"data/quiz/historie/etne_prestebustad_sets.json";"places/historie/vestland/etne/etne_prestebustad.json"
"Uten quiz";"Etne pumptrack";"etne_pumptrack";"sport";"Øvrige";"0";"0";"";"places/sport/vestland/etne/etne_pumptrack/etne_pumptrack.json"
"Uten quiz";"Etne tennisanlegg";"etne_tennisanlegg";"sport";"Øvrige";"0";"0";"";"places/sport/vestland/etne/etne_tennisanlegg/etne_tennisanlegg.json"
"Uten quiz";"Etne Tinghus";"etne_tinghus";"politikk";"Øvrige";"0";"0";"";"places/politikk/vestland/etne/etne_tinghus.json"
"Uten quiz";"Etnedal bygdetun / Bruflat";"etnedal_bygdetun_bruflat";"historie";"Øvrige";"0";"0";"";"places/historie/innlandet/places_historie_innlandet_batch11/etnedal_bygdetun_bruflat.json"
"Uten quiz";"Etneelva";"etneelva";"natur";"Øvrige";"0";"0";"";"places/natur/vestland/etneelva/etneelva.json"
"Uten quiz";"Etnefjella";"etnefjella";"natur";"Øvrige";"0";"0";"";"places/natur/vestland/etne/etnefjella/etnefjella.json"
"Uten quiz";"Etnesjøen / Etne sentrum";"etnesjoen_tettstad";"by";"Øvrige";"0";"0";"";"places/by/vestland/etne/etnesjoen_tettstad/etnesjoen_tettstad.json"
"Uten quiz";"Etnesjøen torg og kai";"etnesjoen_torg_og_kai";"by";"Øvrige";"0";"0";"";"places/by/vestland/etne/etnesjoen_torg_og_kai/etnesjoen_torg_og_kai.json"
"Uten quiz";"Etterstadgata 6";"etterstadgata_6";"naeringsliv";"Oslo";"0";"0";"";"places/naeringsliv/oslo/places_naeringsliv_oslo_kultureiendommer_batch_05/etterstadgata_6.json"
"Uten quiz";"Evangeliesenterets kontaktsenter";"evangeliesenteret_kontaktsenter_oslo";"subkultur";"Oslo";"0";"0";"";"places/subkultur/oslo/places_subkultur/evangeliesenteret_kontaktsenter_oslo.json"
"Uten quiz";"Evje mineralsti";"evje_mineralsti";"vitenskap";"Øvrige";"0";"0";"";"places/vitenskap/agder/evje_mineralsti/evje_mineralsti.json"
"Uten quiz";"Evjemoen leir";"evjemoen_leir_evje";"historie";"Øvrige";"0";"0";"";"places/historie/agder/evjemoen_leir_evje/evjemoen_leir_evje.json"
"Uten quiz";"Fábrica Braço de Prata";"lisbon_fabrica_braco_de_prata";"subkultur";"Lisboa";"0";"0";"";"places/subkultur/europe/portugal/lisbon/places_lisbon_subkultur/lisbon_fabrica_braco_de_prata.json"
"Uten quiz";"Fabrikken Kulturscene";"fabrikken_kulturscene";"scenekunst";"Øvrige";"0";"0";"";"places/scenekunst/more_og_romsdal/fabrikken_kulturscene/fabrikken_kulturscene.json"
"Uten quiz";"Faculdade de Ciências da Universidade de Lisboa";"lisbon_faculdade_de_ciencias";"vitenskap";"Lisboa";"0";"0";"";"places/vitenskap/europe/portugal/lisbon/places_lisbon_vitenskap/lisbon_faculdade_de_ciencias.json"
"Uten quiz";"Fagerborg kirke";"fagerborg_kirke";"religion";"Oslo";"0";"0";"";"places/by/oslo/places/fagerborg_kirke.json"
"Uten quiz";"Fagernes stasjon / Valdresbanen";"fagernes_stasjon_valdresbanen";"by";"Øvrige";"0";"0";"";"places/by/innlandet/fagernes_stasjon_valdresbanen/fagernes_stasjon_valdresbanen.json"
"Uten quiz";"Farsund byhistorie og havn";"farsund_byhistorie_havn";"by";"Øvrige";"0";"0";"";"places/by/agder/farsund_byhistorie_havn/farsund_byhistorie_havn.json"
"Uten quiz";"Farsund kirke / byhistorie";"farsund_kirke_byhistorie";"religion";"Øvrige";"0";"0";"";"places/by/agder/farsund_kirke_byhistorie/farsund_kirke_byhistorie.json"
"Uten quiz";"Feda kirke Kvinesdal";"feda_kirke_kvinesdal";"religion";"Øvrige";"0";"0";"";"places/historie/agder/feda_kirke_kvinesdal/feda_kirke_kvinesdal.json"
"Med quiz";"Feira da Ladra";"lisbon_feira_da_ladra";"naeringsliv";"Lisboa";"6";"1";"data/quiz/naeringsliv/lisbon_feira_da_ladra_sets.json";"places/naeringsliv/europe/portugal/lisbon/lisbon_feira_da_ladra.json"
"Uten quiz";"Feira do Livro de Lisboa";"lisbon_feira_do_livro";"litteratur";"Lisboa";"0";"0";"";"places/litteratur/europe/portugal/lisbon/lisbon_feira_do_livro.json"
"Uten quiz";"Feiring jernverk";"feiring_jernverk";"naeringsliv";"Øvrige";"0";"0";"";"places/naeringsliv/akershus/feiring_jernverk/feiring_jernverk.json"
"Uten quiz";"Femundshytten / smeltehyttehistorie";"femundshytten_smeltverk";"naeringsliv";"Øvrige";"0";"0";"";"places/naeringsliv/innlandet/femundshytten_smeltverk/femundshytten_smeltverk.json"
"Uten quiz";"Fetsund lenser";"fetsund_lenser";"historie";"Øvrige";"0";"0";"";"places/historie/akershus/places_historie_akershus_batch1/fetsund_lenser.json"
"Uten quiz";"Fikse skytebane";"fikse_skytebane";"sport";"Øvrige";"0";"0";"";"places/sport/vestland/etne/fikse_skytebane/fikse_skytebane.json"
"Med quiz";"Fimreite slagsted";"fimreite_slagsted";"historie";"Øvrige";"1";"1";"data/quiz/historie/places_historie_norge_for_1500_batch_04_sets.json";"places/historie/norge/places_historie_norge_for_1500_batch3/fimreite_slagsted.json"
"Uten quiz";"Finnetunet / skogfinsk museum";"finnetunet_skogfinsk_museum";"historie";"Øvrige";"0";"0";"";"places/historie/innlandet/places_historie_innlandet_batch6/finnetunet_skogfinsk_museum.json"
"Uten quiz";"Finnskogbanen";"finnskogbanen";"sport";"Øvrige";"0";"0";"";"places/sport/europa/norway/places_motorsport_ostlandet/finnskogbanen.json"
"Uten quiz";"Fiskebrygga Kristiansand";"fiskebrygga_kristiansand";"by";"Øvrige";"0";"0";"";"places/by/agder/fiskebrygga_kristiansand/fiskebrygga_kristiansand.json"
"Med quiz";"Fiskehallen på Vippetangen";"vippetangen_fisketorg";"naeringsliv";"Oslo";"5";"1";"data/quiz/naeringsliv/vippetangen_fisketorg_sets_merged.json";"places/naeringsliv/oslo/places_naeringsliv/vippetangen_fisketorg.json"
"Uten quiz";"Fiskum gamle kirke";"fiskum_gamle_kirke";"religion";"Øvrige";"0";"0";"";"places/historie/buskerud/places_historie_buskerud_batch4/fiskum_gamle_kirke.json"
"Uten quiz";"Fjæra kapell";"fjaera_kapell";"religion";"Øvrige";"0";"0";"";"places/historie/vestland/etne/fjaera_kapell.json"
"Uten quiz";"Fjære kirke Grimstad";"fjaere_kirke_grimstad";"religion";"Øvrige";"0";"0";"";"places/historie/agder/places_historie_agder_batch2/fjaere_kirke_grimstad.json"
"Uten quiz";"Flekkefjord Hollenderbyen";"flekkefjord_hollenderbyen";"by";"Øvrige";"0";"0";"";"places/by/agder/flekkefjord_hollenderbyen/flekkefjord_hollenderbyen.json"
"Uten quiz";"Flekkefjord kirke / byhistorie";"flekkefjord_kirke_byhistorie";"religion";"Øvrige";"0";"0";"";"places/by/agder/flekkefjord_kirke_byhistorie/flekkefjord_kirke_byhistorie.json"
"Uten quiz";"Flekkefjord museum";"flekkefjord_museum";"historie";"Øvrige";"0";"0";"";"places/historie/agder/flekkefjord_museum/flekkefjord_museum.json"
"Uten quiz";"Flekkefjordbanen Sira";"flekkefjordbanen_sira";"by";"Øvrige";"0";"0";"";"places/by/agder/flekkefjordbanen_sira/flekkefjordbanen_sira.json"
"Uten quiz";"Flesberg stavkirke";"flesberg_stavkirke";"religion";"Øvrige";"0";"0";"";"places/historie/buskerud/places_historie_buskerud_batch1/flesberg_stavkirke.json"
"Uten quiz";"Flisa stasjon / Solørbanen";"flisa_stasjon_solorbanen";"by";"Øvrige";"0";"0";"";"places/by/innlandet/flisa_stasjon_solorbanen/flisa_stasjon_solorbanen.json"
"Uten quiz";"FLOP Museum";"flop_museum";"naeringsliv";"Oslo";"0";"0";"";"places/naeringsliv/oslo/places_naeringsliv_atlas_obscura_flop_batch_07/flop_museum.json"
"Uten quiz";"Flosta kirke Arendal";"flosta_kirke_arendal";"religion";"Øvrige";"0";"0";"";"places/historie/agder/flosta_kirke_arendal/flosta_kirke_arendal.json"
"Uten quiz";"Fluberg kirke";"fluberg_kirke";"religion";"Øvrige";"0";"0";"";"places/historie/innlandet/places_historie_innlandet_batch11/fluberg_kirke.json"
"Uten quiz";"Flåt gruve Evje";"flot_gruve_evje";"naeringsliv";"Øvrige";"0";"0";"";"places/naeringsliv/agder/flot_gruve_evje/flot_gruve_evje.json"
"Uten quiz";"Flåteskar i Stordalen";"flateskar_stordalen";"natur";"Øvrige";"0";"0";"";"places/natur/vestland/etne/flateskar_stordalen/flateskar_stordalen.json"
"Med quiz";"Folgefonden-minnesmerket";"folgefonden_minnesmerke_skanevik";"historie";"Øvrige";"1";"1";"data/quiz/historie/folgefonden_minnesmerke_skanevik_sets.json";"places/historie/vestland/etne/folgefonden_minnesmerke_skanevik.json"
"Uten quiz";"Folgefonna nasjonalpark – Etne";"folgefonnanasjonalpark_etne";"natur";"Øvrige";"0";"0";"";"places/natur/vestland/etne/folgefonnanasjonalpark_etne/folgefonnanasjonalpark_etne.json"
"Uten quiz";"Folkenborg Museum";"folkenborg_museum";"historie";"Øvrige";"0";"0";"";"places/historie/ostfold/places_historie_ostfold_batch6/folkenborg_museum.json"
"Uten quiz";"Folkeobservatoriet";"folkeobservatoriet_holmenkollen";"vitenskap";"Oslo";"0";"0";"";"places/vitenskap/oslo/places_vitenskap_oslo_kultureiendommer_batch_01/folkeobservatoriet_holmenkollen.json"
"Med quiz";"Folketeateret";"folketeateret";"scenekunst";"Oslo";"1";"1";"data/quiz/scenekunst/folketeateret_sets.json";"places/scenekunst/oslo/places_scenekunst/folketeateret.json"
"Med quiz";"Folkets Hus i Oslo";"folkets_hus_oslo";"politikk";"Oslo";"1";"1";"data/quiz/politikk/folkets_hus_oslo_sets.json";"places/politikk/oslo/places_politikk/folkets_hus_oslo.json"
"Uten quiz";"Folldal gruver";"folldal_gruver";"naeringsliv";"Øvrige";"0";"0";"";"places/naeringsliv/innlandet/folldal_gruver/folldal_gruver.json"
"Uten quiz";"Follebu kirke";"follebu_kirke";"religion";"Øvrige";"0";"0";"";"places/historie/innlandet/places_historie_innlandet_batch12/follebu_kirke.json"
"Uten quiz";"Forskningsparken";"forskningsparken";"vitenskap";"Oslo";"0";"0";"";"places/vitenskap/oslo/places_vitenskap/forskningsparken.json"
"Med quiz";"Forsvarsmuseet";"forsvarsmuseet";"historie";"Oslo";"5";"1";"data/quiz/historie/forsvarsmuseet_sets.json";"places/historie/oslo/places_historie_atlas_obscura_museum_batch_06/forsvarsmuseet.json"
"Uten quiz";"Fossesholm Herregård";"fossesholm_herregard";"historie";"Øvrige";"0";"0";"";"places/historie/buskerud/places_historie_buskerud_batch1/fossesholm_herregard.json"
"Med quiz";"Fossveien – elvestrekning";"fossveien_elvestrekning";"natur";"Oslo";"6";"1";"data/quiz/natur/fossveien_elvestrekning_sets.json";"places/natur/oslo/places_oslo_natur_akerselvarute/fossveien_elvestrekning.json"
"Uten quiz";"Fotogalleriet";"fotogalleriet";"kunst";"Oslo";"0";"0";"";"places/kunst/oslo/places_kunst/fotogalleriet.json"
"Uten quiz";"Fotografiens Hus";"fotografiens_hus";"kunst";"Oslo";"0";"0";"";"places/kunst/oslo/places_kunst/fotografiens_hus.json"
"Uten quiz";"Frammuseet";"frammuseet";"historie";"Oslo";"0";"0";"";"places/historie/oslo/places_historie_atlas_obscura_bygdoy_batch_05/frammuseet.json"
"Uten quiz";"Framtidsbiblioteket – Nordmarka";"framtidsbiblioteket_nordmarka";"kunst";"Oslo";"0";"0";"";"places/kunst/oslo/places_kunst/framtidsbiblioteket_nordmarka.json"
"Uten quiz";"Fredrikshalds Teater";"fredrikshalds_teater";"scenekunst";"Øvrige";"0";"0";"";"places/scenekunst/ostfold/fredrikshalds_teater/fredrikshalds_teater.json"
"Uten quiz";"Fredrikstad festning / Gamlebyen";"fredrikstad_festning_gamlebyen";"historie";"Øvrige";"0";"0";"";"places/historie/ostfold/places_historie_ostfold_batch1/fredrikstad_festning_gamlebyen.json"
"Uten quiz";"Fredriksten festning";"fredriksten_festning";"historie";"Øvrige";"0";"0";"";"places/historie/ostfold/places_historie_ostfold_batch1/fredriksten_festning.json"
"Uten quiz";"Fredriksvern verft / Stavern";"fredriksvern_verft_stavern";"historie";"Øvrige";"0";"0";"";"places/historie/vestfold/places_historie_vestfold_batch2/fredriksvern_verft_stavern.json"
"Med quiz";"Freia-fabrikken";"freia_fabrikken";"naeringsliv";"Oslo";"1";"1";"data/quiz/naeringsliv/freia_fabrikken_sets.json";"places/naeringsliv/oslo/places_naeringsliv/freia_fabrikken.json"
"Uten quiz";"Frette kapell";"frette_kapell";"religion";"Øvrige";"0";"0";"";"places/religion/vestland/etne/frette_kapell/frette_kapell.json"
"Med quiz";"FRIGO – Friluftssenteret i Gamle Oslo";"frigo_friluftssenteret";"sport";"Øvrige";"1";"1";"data/quiz/sport/frigo_friluftssenteret_sets.json";"places/sport/europa/norway/oslo_sport/frigo_friluftssenteret.json"
"Uten quiz";"Friluftshuset på Sørenga";"friluftshuset_sorenga";"sport";"Øvrige";"0";"0";"";"places/sport/europa/norway/oslo_sport/friluftshuset_sorenga.json"
"Uten quiz";"Fritzøe Verk Larvik";"fritzoe_verk_larvik";"naeringsliv";"Øvrige";"0";"0";"";"places/naeringsliv/vestfold/fritzoe_verk_larvik/fritzoe_verk_larvik.json"
"Uten quiz";"Frogner";"frogner";"by";"Oslo";"0";"0";"";"places/by/oslo/places/frogner.json"
"Uten quiz";"Frogner gamle kirke";"frogner_gamle_kirke";"religion";"Øvrige";"0";"0";"";"places/historie/akershus/places_historie_akershus_batch5/frogner_gamle_kirke.json"
"Uten quiz";"Frogner hovedgård";"frogner_hovedgard";"historie";"Oslo";"0";"0";"";"places/historie/oslo/places_historie/frogner_hovedgard.json"
"Uten quiz";"Frogner kirke";"frogner_kirke";"religion";"Oslo";"0";"0";"";"places/by/oslo/places/frogner_kirke.json"
"Med quiz";"Frogner stadion";"frogner_stadion";"sport";"Øvrige";"1";"1";"data/quiz/sport/frogner_stadion_sets.json";"places/sport/europa/norway/oslo_sport/frogner_stadion.json"
"Uten quiz";"Frognerparken";"frognerparken";"by";"Oslo";"0";"0";"";"places/by/oslo/frognerparken.json"
"Uten quiz";"Frognerstranda";"frognerstranda";"media";"Oslo";"0";"0";"";"places/media/oslo/frognerstranda.json"
"Uten quiz";"Froland Verk";"froland_verk";"naeringsliv";"Øvrige";"0";"0";"";"places/naeringsliv/agder/froland_verk/froland_verk.json"
"Med quiz";"Frostatinget på Logtun";"frostatinget_logtun";"politikk";"Øvrige";"1";"1";"data/quiz/historie/places_historie_norge_for_1500_batch_03_sets.json";"places/politikk/trondelag/frostatinget_logtun/frostatinget_logtun.json"
"Uten quiz";"Frysja 33 – Brekke kraftstasjon";"frysja_33_brekke_kraftstasjon";"naeringsliv";"Oslo";"0";"0";"";"places/naeringsliv/oslo/places_naeringsliv_oslo_kultureiendommer_batch_13/frysja_33_brekke_kraftstasjon.json"
"Med quiz";"Frysja industriområde";"frysja_industriomrade";"naeringsliv";"Oslo";"5";"1";"data/quiz/naeringsliv/frysja_industriomrade_sets_merged.json";"places/naeringsliv/oslo/places_naeringsliv/frysja_industriomrade.json"
"Uten quiz";"Frysja miljøstasjon";"frysja_miljostasjon";"natur";"Oslo";"0";"0";"";"places/natur/oslo/miljo_gjenbruk/frysja_miljostasjon.json"
"Uten quiz";"Fugl Fønix";"fugl_fonix_etne";"musikk";"Øvrige";"0";"0";"";"places/kunst/vestland/etne/fugl_fonix_etne/fugl_fonix_etne.json"
"Uten quiz";"Fugleskjulet ved Østensjøvannet";"ostensjovannet_fugletarn";"natur";"Oslo";"0";"0";"";"places/natur/oslo/places_oslo_natur_ostensjovannet/ostensjovannet_fugletarn.json"
"Uten quiz";"Fullriggeren Sørlandet Kristiansand";"fullriggeren_sorlandet_kristiansand";"by";"Øvrige";"0";"0";"";"places/by/agder/fullriggeren_sorlandet_kristiansand/fullriggeren_sorlandet_kristiansand.json"
"Uten quiz";"Fundação Calouste Gulbenkian";"lisbon_fundacao_calouste_gulbenkian";"kunst";"Lisboa";"0";"0";"";"places/kunst/europe/portugal/lisbon/places_lisbon_kunst/lisbon_fundacao_calouste_gulbenkian.json"
"Uten quiz";"Fundação Champalimaud";"lisbon_champalimaud_foundation";"vitenskap";"Lisboa";"0";"0";"";"places/vitenskap/europe/portugal/lisbon/places_lisbon_vitenskap/lisbon_champalimaud_foundation.json"
"Uten quiz";"Fundação Mário Soares e Maria Barroso";"lisbon_fundacao_mario_soares_maria_barroso";"politikk";"Lisboa";"0";"0";"";"places/politikk/europe/portugal/lisbon/places_lisbon_politikk/lisbon_fundacao_mario_soares_maria_barroso.json"
"Uten quiz";"Furnes kirke";"furnes_kirke_ringsaker";"religion";"Øvrige";"0";"0";"";"places/historie/innlandet/places_historie_innlandet_batch17/furnes_kirke_ringsaker.json"
"Uten quiz";"Furulunden Mandal kulturpark";"furulunden_mandal_kulturpark";"natur";"Øvrige";"0";"0";"";"places/natur/agder/furulunden_mandal_kulturpark/furulunden_mandal_kulturpark.json"
"Uten quiz";"Furuset Aktivitetspark";"furuset_aktivitetspark";"sport";"Øvrige";"0";"0";"";"places/sport/europa/norway/urban_movement/furuset_aktivitetspark/furuset_aktivitetspark.json"
"Med quiz";"Furuset Forum";"furuset_forum";"sport";"Øvrige";"1";"1";"data/quiz/sport/furuset_forum_sets.json";"places/sport/europa/norway/oslo_sport/furuset_forum.json"
"Uten quiz";"Fyresdal kyrkje";"fyresdal_kyrkje";"religion";"Øvrige";"0";"0";"";"places/historie/telemark/places_historie_telemark_batch6/fyresdal_kyrkje.json"
"Uten quiz";"Fyrlyset";"fyrlyset_oslo";"subkultur";"Oslo";"0";"0";"";"places/subkultur/oslo/places_subkultur/fyrlyset_oslo.json"
"Uten quiz";"Fysak Slettebakken";"fysak_slettebakken";"sport";"Øvrige";"0";"0";"";"places/sport/vestland/fysak_slettebakken/fysak_slettebakken.json"
"Uten quiz";"Færder fyr";"faerder_fyr";"by";"Øvrige";"0";"0";"";"places/by/vestfold/faerder_fyr/faerder_fyr.json"
"Uten quiz";"Fåberg kirke";"faaberg_kirke";"religion";"Øvrige";"0";"0";"";"places/historie/innlandet/places_historie_innlandet_batch9/faaberg_kirke.json"
"Uten quiz";"Galeria Zé dos Bois (ZDB)";"lisbon_galeria_ze_dos_bois";"subkultur";"Lisboa";"0";"0";"";"places/subkultur/europe/portugal/lisbon/places_lisbon_subkultur/lisbon_galeria_ze_dos_bois.json"
"Med quiz";"Galgeberg";"galgeberg";"historie";"Oslo";"1";"1";"data/quiz/historie/galgeberg_sets.json";"places/historie/oslo/places_historie_added_batch_01/galgeberg.json"
"Uten quiz";"Galleri LNM";"galleri_lnm";"kunst";"Oslo";"0";"0";"";"places/kunst/oslo/places_kunst/galleri_lnm.json"
"Uten quiz";"Galleri MAP";"galleri_map";"kunst";"Oslo";"0";"0";"";"places/kunst/oslo/places_kunst/galleri_map.json"
"Uten quiz";"Galleri Mini";"galleri_mini_oslo";"kunst";"Oslo";"0";"0";"";"places/kunst/oslo/places_kunst/galleri_mini_oslo.json"
"Med quiz";"Galleri Norske Grafikere";"norske_grafikere";"kunst";"Oslo";"1";"1";"data/quiz/kunst/norske_grafikere_sets.json";"places/kunst/oslo/places_kunst/norske_grafikere.json"
"Uten quiz";"Galleri Schaeffers Gate 5";"galleri_schaeffers_gate_5";"kunst";"Oslo";"0";"0";"";"places/kunst/oslo/places_kunst/galleri_schaeffers_gate_5.json"
"Med quiz";"Gamle Aker kirke";"gamle_aker_kirke";"religion";"Oslo";"1";"1";"data/quiz/historie/gamle_aker_kirke_sets.json";"places/historie/oslo/places_historie/gamle_aker_kirke.json"
"Med quiz";"Gamle Deichman";"gamle_deichman";"litteratur";"Oslo";"5";"1";"data/quiz/litteratur/gamle_deichman.json";"places/litteratur/oslo/places_litteratur/gamle_deichman.json"
"Uten quiz";"Gamle Hvam museum";"gamle_hvam_museum";"historie";"Øvrige";"0";"0";"";"places/historie/akershus/places_historie_akershus_batch2/gamle_hvam_museum.json"
"Uten quiz";"Gamle Nesbyen";"gamle_nesbyen";"by";"Øvrige";"0";"0";"";"places/by/buskerud/gamle_nesbyen/gamle_nesbyen.json"
"Med quiz";"Gamle rådhus";"gamle_radhus";"by";"Oslo";"1";"1";"data/quiz/historie/gamle_radhus_sets.json";"places/by/oslo/gamle_radhus/gamle_radhus.json"
"Med quiz";"Gamle trikkestallen på Torshov";"gamle_trikkestallen";"by";"Oslo";"1";"1";"data/quiz/by/gamle_trikkestallen_sets.json";"places/by/oslo/gamle_trikkestallen/gamle_trikkestallen.json"
"Med quiz";"Gamle Åkrafjordvegen";"gamle_akrafjordvegen";"historie";"Øvrige";"1";"1";"data/quiz/historie/gamle_akrafjordvegen_sets.json";"places/historie/vestland/etne/gamle_akrafjordvegen.json"
"Med quiz";"Gamlebyen gravlund";"gamlebyen_gravlund";"historie";"Oslo";"1";"1";"data/quiz/historie/gamlebyen_gravlund_sets.json";"places/historie/oslo/places_historie/gamlebyen_gravlund.json"
"Uten quiz";"Gamlebyen kirke";"gamlebyen_kirke";"religion";"Oslo";"0";"0";"";"places/historie/oslo/places_historie/gamlebyen_kirke.json"
"Uten quiz";"Gamlebyen skole";"gamlebyen_skole";"vitenskap";"Oslo";"0";"0";"";"places/vitenskap/oslo/places_vitenskap/gamlebyen_skole.json"
"Uten quiz";"Gamlebyen Sport og Fritid";"gamlebyen_sport_og_fritid";"subkultur";"Oslo";"0";"0";"";"places/subkultur/oslo/places_subkultur/gamlebyen_sport_og_fritid.json"
"Uten quiz";"Gardermoen militærleir / Tunet";"gardermoen_militaerleir_tunet";"historie";"Øvrige";"0";"0";"";"places/historie/akershus/places_historie_akershus_batch5/gardermoen_militaerleir_tunet.json"
"Uten quiz";"Gardermoen Motorpark";"gardermoen_motorpark";"sport";"Øvrige";"0";"0";"";"places/sport/europa/norway/places_motorsport_ostlandet/gardermoen_motorpark.json"
"Uten quiz";"Gardermoen Raceway";"gardermoen_raceway";"sport";"Øvrige";"0";"0";"";"places/sport/europa/norway/places_motorsport_ostlandet/gardermoen_raceway.json"
"Uten quiz";"Gare do Cais do Sodré";"lisbon_gare_do_cais_do_sodre";"by";"Lisboa";"0";"0";"";"places/by/europe/portugal/lisbon/places_lisbon_by/lisbon_gare_do_cais_do_sodre.json"
"Uten quiz";"Garmanngården";"garmanngarden";"historie";"Oslo";"0";"0";"";"places/historie/oslo/places_historie_oslo_oppdag_kvadraturen_batch_02/garmanngarden.json"
"Uten quiz";"Garmo stavkirke / Maihaugen";"garmo_stavkirke_maihaugen";"historie";"Øvrige";"0";"0";"";"places/historie/innlandet/places_historie_innlandet_batch5/garmo_stavkirke_maihaugen.json"
"Uten quiz";"Gausdal bygdetun";"gausdal_bygdetun";"historie";"Øvrige";"0";"0";"";"places/historie/innlandet/places_historie_innlandet_batch8/gausdal_bygdetun.json"
"Uten quiz";"Geitmyra gård";"geitmyra_gard";"historie";"Oslo";"0";"0";"";"places/historie/oslo/places_historie_oslo_kultureiendommer_batch_04/geitmyra_gard.json"
"Uten quiz";"Gimle gård Kristiansand";"gimle_gard_kristiansand";"historie";"Øvrige";"0";"0";"";"places/historie/agder/gimle_gard_kristiansand/gimle_gard_kristiansand.json"
"Uten quiz";"Gimle kino";"gimle_kino";"naeringsliv";"Oslo";"0";"0";"";"places/film/oslo/places/gimle_kino.json"
"Med quiz";"Giske kyrkje og Giskeætta";"giske_kyrkje";"religion";"Øvrige";"1";"1";"data/quiz/historie/places_historie_norge_for_1500_batch_02_sets.json";"places/historie/norge/places_historie_norge_for_1500_batch2/giske_kyrkje.json"
"Uten quiz";"Gjellestadskipet / Jellhaugen";"gjellestadskipet_jellhaugen";"historie";"Øvrige";"0";"0";"";"places/historie/ostfold/places_historie_ostfold_batch2/gjellestadskipet_jellhaugen.json"
"Med quiz";"Gjerde kyrkje";"gjerde_kyrkje_etne";"religion";"Øvrige";"1";"1";"data/quiz/historie/gjerde_kyrkje_etne_sets.json";"places/historie/vestland/etne/gjerde_kyrkje_etne.json"
"Uten quiz";"Gjerpen kirke";"gjerpen_kirke_skien";"religion";"Øvrige";"0";"0";"";"places/historie/telemark/places_historie_telemark_batch3/gjerpen_kirke_skien.json"
"Uten quiz";"Gjerstad kirke";"gjerstad_kirke";"religion";"Øvrige";"0";"0";"";"places/historie/agder/gjerstad_kirke/gjerstad_kirke.json"
"Uten quiz";"Gjøvik glassverk / historisk miljø";"gjovik_glassverk_historisk_miljo";"naeringsliv";"Øvrige";"0";"0";"";"places/naeringsliv/innlandet/gjovik_glassverk_historisk_miljo/gjovik_glassverk_historisk_miljo.json"
"Uten quiz";"Gjøvik gård";"gjovik_gard";"historie";"Øvrige";"0";"0";"";"places/historie/innlandet/places_historie_innlandet_batch2/gjovik_gard.json"
"Med quiz";"Glads mølle";"glads_molle";"historie";"Oslo";"5";"1";"data/quiz/historie/glads_molle_sets.json";"places/natur/oslo/places_oslo_natur_akerselvarute/glads_molle.json"
"Uten quiz";"Glomdalsmuseet";"glomdalsmuseet_elverum";"historie";"Øvrige";"0";"0";"";"places/historie/innlandet/places_historie_innlandet_batch2/glomdalsmuseet_elverum.json"
"Uten quiz";"Gokstadhaugen";"gokstadhaugen_sandefjord";"historie";"Øvrige";"0";"0";"";"places/historie/vestfold/places_historie_vestfold_batch2/gokstadhaugen_sandefjord.json"
"Uten quiz";"Gol Bygdemuseum";"gol_bygdemuseum";"historie";"Øvrige";"0";"0";"";"places/historie/buskerud/places_historie_buskerud_batch5/gol_bygdemuseum.json"
"Uten quiz";"Gol stavkirke – Bygdøy";"gol_stavkirke_bygdoy";"historie";"Oslo";"0";"0";"";"places/historie/oslo/places_historie_atlas_obscura_bygdoy_batch_05/gol_stavkirke_bygdoy.json"
"Med quiz";"Graça";"lisbon_graca";"by";"Lisboa";"6";"1";"data/quiz/by/lisbon_graca_sets.json";"places/by/europe/portugal/lisbon/places_lisbon_by/lisbon_graca.json"
"Uten quiz";"Grafill";"grafill";"kunst";"Oslo";"0";"0";"";"places/kunst/oslo/places_kunst/grafill.json"
"Uten quiz";"Gran stasjon / Gjøvikbanen";"gran_stasjon_gjovikbanen";"by";"Øvrige";"0";"0";"";"places/by/innlandet/gran_stasjon_gjovikbanen/gran_stasjon_gjovikbanen.json"
"Uten quiz";"Granavollen / Søsterkirkene";"granavollen_sosterkirkene";"religion";"Øvrige";"0";"0";"";"places/historie/innlandet/places_historie_innlandet_batch4/granavollen_sosterkirkene.json"
"Uten quiz";"Grand Hotel";"grand_hotel";"media";"Oslo";"0";"0";"";"places/media/oslo/grand_hotel.json"
"Uten quiz";"Grannar-redaksjonen i Etne";"grannar_redaksjon_etne";"media";"Øvrige";"0";"0";"";"places/media/vestland/etne/grannar_redaksjon_etne/grannar_redaksjon_etne.json"
"Med quiz";"Gravfeltet ved Grindheimsvegen";"grindheimsveien_nord_gravfelt";"historie";"Øvrige";"1";"1";"data/quiz/historie/grindheimsveien_nord_gravfelt_sets.json";"places/historie/vestland/etne/grindheimsveien_nord_gravfelt.json"
"Med quiz";"Gravhaugen på Høyland";"hoyland_gravhaug_etne";"historie";"Øvrige";"1";"1";"data/quiz/historie/hoyland_gravhaug_etne_sets.json";"places/historie/vestland/etne/hoyland_gravhaug_etne.json"
"Med quiz";"Gravrøysa på Dysjanes";"dysjanes_rivaisen_gravroys";"historie";"Øvrige";"1";"1";"data/quiz/historie/dysjanes_rivaisen_gravroys_sets.json";"places/historie/vestland/etne/dysjanes_rivaisen_gravroys.json"
"Med quiz";"Gravrøysa på Hidlesnes";"hidlesnes_nernes_gravroys";"historie";"Øvrige";"1";"1";"data/quiz/historie/hidlesnes_nernes_gravroys_sets.json";"places/historie/vestland/etne/hidlesnes_nernes_gravroys.json"
"Uten quiz";"Grefsen gjenvinningsstasjon";"grefsen_gjenvinningsstasjon";"natur";"Oslo";"0";"0";"";"places/natur/oslo/miljo_gjenbruk/grefsen_gjenvinningsstasjon.json"
"Uten quiz";"Grémio Literário";"lisbon_gremio_literario";"litteratur";"Lisboa";"0";"0";"";"places/litteratur/europe/portugal/lisbon/places_lisbon_litteratur/lisbon_gremio_literario.json"
"Uten quiz";"Grenland Friteater";"grenland_friteater";"scenekunst";"Øvrige";"0";"0";"";"places/scenekunst/telemark/grenland_friteater/grenland_friteater.json"
"Uten quiz";"Grenland Motorsportsenter";"grenland_motorsportsenter";"sport";"Øvrige";"0";"0";"";"places/sport/europa/norway/places_motorsport_ostlandet/grenland_motorsportsenter.json"
"Med quiz";"Grensen – handelsgate";"grensen_kjopesenter";"naeringsliv";"Oslo";"5";"1";"data/quiz/naeringsliv/grensen_kjopesenter_sets_merged.json";"places/naeringsliv/oslo/places_naeringsliv/grensen_kjopesenter.json"
"Med quiz";"Gressbanen";"gressbanen";"sport";"Øvrige";"1";"1";"data/quiz/sport/gressbanen_sets.json";"places/sport/europa/norway/oslo_sport/gressbanen.json"
"Uten quiz";"Gressholmen";"gressholmen";"natur";"Oslo";"0";"0";"";"places/natur/oslo/places_oslo_natur_hovedsteder/gressholmen.json"
"Med quiz";"Grev Wedels plass";"grev_wedels_plass";"by";"Oslo";"1";"1";"data/quiz/by/grev_wedels_plass_sets.json";"places/by/oslo/places_by_oslo_oppdag_kvadraturen_batch_03/grev_wedels_plass.json"
"Uten quiz";"Grimstad byhistorie og havn";"grimstad_byhistorie_og_havn";"by";"Øvrige";"0";"0";"";"places/by/agder/grimstad_byhistorie_og_havn/grimstad_byhistorie_og_havn.json"
"Uten quiz";"Grimstad kirke / byhistorie";"grimstad_kirke_byhistorie";"religion";"Øvrige";"0";"0";"";"places/by/agder/grimstad_kirke_byhistorie/grimstad_kirke_byhistorie.json"
"Uten quiz";"Grimstad stasjon / Grimstadbanen";"grimstad_stasjon_grimstadbanen";"by";"Øvrige";"0";"0";"";"places/by/agder/grimstad_stasjon_grimstadbanen/grimstad_stasjon_grimstadbanen.json"
"Med quiz";"Grindheim kyrkje";"grindheim_kyrkje_etne";"religion";"Øvrige";"1";"1";"data/quiz/historie/grindheim_kyrkje_etne_sets.json";"places/historie/vestland/etne/grindheim_kyrkje_etne.json"
"Med quiz";"Grindheim runestein";"grindheim_runestein";"historie";"Øvrige";"1";"1";"data/quiz/historie/grindheim_runestein_sets.json";"places/historie/vestland/etne/grindheim_runestein.json"
"Med quiz";"Grindheim steinkross";"grindheim_steinkross";"religion";"Øvrige";"1";"1";"data/quiz/historie/grindheim_steinkross_sets.json";"places/historie/vestland/etne/grindheim_steinkross.json"
"Med quiz";"Grini fangeleir";"grini_fangeleir";"historie";"Øvrige";"1";"1";"data/quiz/historie/grini_fangeleir_sets.json";"places/historie/akershus/grini_fangeleir.json"
"Uten quiz";"Grorud";"grorud";"by";"Oslo";"0";"0";"";"places/by/oslo/places/grorud.json"
"Med quiz";"Groruddammen";"groruddammen";"natur";"Oslo";"1";"1";"data/quiz/natur/groruddammen_sets.json";"places/natur/oslo/places_oslo_natur_alnaelva_rute/groruddammen.json"
"Uten quiz";"Grorudparken";"grorudparken";"by";"Oslo";"0";"0";"";"places/by/oslo/grorudparken.json"
"Uten quiz";"Grotten";"grotta";"litteratur";"Oslo";"0";"0";"";"places/litteratur/oslo/places_litteratur/grotta.json"
"Uten quiz";"Grue Finnskog kirke";"grue_finnskog_kirke";"religion";"Øvrige";"0";"0";"";"places/historie/innlandet/places_historie_innlandet_batch17/grue_finnskog_kirke.json"
"Uten quiz";"Grue kirke / brannminne";"grue_kirke_brannminne";"historie";"Øvrige";"0";"0";"";"places/historie/innlandet/places_historie_innlandet_batch8/grue_kirke_brannminne.json"
"Uten quiz";"Grusomhetens Teater";"grusomhetens_teater";"scenekunst";"Oslo";"0";"0";"";"places/scenekunst/oslo/places_scenekunst/grusomhetens_teater.json"
"Med quiz";"Grünerløkka – Helgesens / Thorvald Meyers";"grunerlokka_helgesens_tm";"by";"Oslo";"3";"2";"data/quiz/by/grunerlokka_helgesens_tm_sets_merged.json | data/quiz/by/grunerlokka_sets.json";"places/by/oslo/places/grunerlokka_helgesens_tm.json"
"Uten quiz";"Grünerløkka bakgårdsvegger";"grunerlokka_bakgardsvegger";"subkultur";"Oslo";"0";"0";"";"places/subkultur/oslo/places_subkultur/grunerlokka_bakgardsvegger.json"
"Med quiz";"Grønland basarene";"gronland_basarene";"by";"Oslo";"1";"1";"data/quiz/by/gronland_basarene_sets.json";"places/by/oslo/places/gronland_basarene.json"
"Med quiz";"Grønland kirke";"gronland_kirke";"religion";"Oslo";"1";"1";"data/quiz/religion/gronland_kirke_sets.json";"places/religion/oslo/gronland_kirke/gronland_kirke.json"
"Uten quiz";"Grønland politistasjon";"gronland_politistasjon";"historie";"Oslo";"0";"0";"";"places/historie/oslo/places_historie_oslo_kultureiendommer_batch_04/gronland_politistasjon.json"
"Uten quiz";"Grønland underganger";"gronland_underganger";"subkultur";"Oslo";"0";"0";"";"places/subkultur/oslo/places_subkultur/gronland_underganger.json"
"Med quiz";"Grønlandsleiret";"gronlandsleiret";"by";"Oslo";"3";"1";"data/quiz/by/gronlandsleiret_sets_merged.json";"places/by/oslo/places/gronlandsleiret.json"
"Med quiz";"Grønlikaia";"gronlikaia";"naeringsliv";"Oslo";"5";"1";"data/quiz/naeringsliv/gronlikaia_sets_merged.json";"places/naeringsliv/oslo/places_naeringsliv/gronlikaia.json"
"Uten quiz";"Grønmo gjenvinningsstasjon";"gronmo_gjenvinningsstasjon";"natur";"Oslo";"0";"0";"";"places/natur/oslo/miljo_gjenbruk/gronmo_gjenvinningsstasjon.json"
"Uten quiz";"Grønmo ombrukstelt";"gronmo_ombrukstelt";"natur";"Oslo";"0";"0";"";"places/natur/oslo/miljo_gjenbruk/gronmo_ombrukstelt.json"
"Uten quiz";"Grønningen fyr Kristiansand";"gronningen_fyr_kristiansand";"by";"Øvrige";"0";"0";"";"places/by/agder/gronningen_fyr_kristiansand/gronningen_fyr_kristiansand.json"
"Uten quiz";"Gtech Community Stadium";"gtech_community_stadium_london";"sport";"Øvrige";"0";"0";"";"places/sport/europa/england/footballgrounds_london/gtech_community_stadium_london.json"
"Med quiz";"Gulatinget på Flolid";"gulatinget_flolid";"politikk";"Øvrige";"1";"1";"data/quiz/historie/places_historie_norge_for_1500_batch_02_sets.json";"places/politikk/vestland/gulatinget_flolid/gulatinget_flolid.json"
"Uten quiz";"Gulskogen gård";"gulskogen_gard";"historie";"Øvrige";"0";"0";"";"places/historie/buskerud/places_historie_buskerud_batch5/gulskogen_gard.json"
"Uten quiz";"Gunnarsholmen kystfort Kragerø";"gunnarsholmen_kystfort_kragero";"historie";"Øvrige";"0";"0";"";"places/historie/telemark/places_historie_telemark_batch7/gunnarsholmen_kystfort_kragero.json"
"Uten quiz";"Hadeland Folkemuseum";"hadeland_folkemuseum";"historie";"Øvrige";"0";"0";"";"places/historie/innlandet/places_historie_innlandet_batch4/hadeland_folkemuseum.json"
"Uten quiz";"Hadeland Glassverk";"hadeland_glassverk";"naeringsliv";"Øvrige";"0";"0";"";"places/naeringsliv/akershus/hadeland_glassverk/hadeland_glassverk.json"
"Med quiz";"Hafrsfjord";"hafrsfjord";"historie";"Øvrige";"1";"1";"data/quiz/historie/places_historie_norge_for_1500_batch_01_sets.json";"places/historie/norge/places_historie_norge_for_1500_batch1/hafrsfjord.json"
"Uten quiz";"Hafslund hovedgård";"hafslund_hovedgard";"historie";"Øvrige";"0";"0";"";"places/historie/ostfold/places_historie_ostfold_batch1/hafslund_hovedgard.json"
"Uten quiz";"Hagan / Christian Skredsvigs kunstnerhjem";"hagan_skredsvig";"kunst";"Øvrige";"0";"0";"";"places/kunst/buskerud/hagan_skredsvig/hagan_skredsvig.json"
"Uten quiz";"Hakadal Verk";"hakadal_verk";"naeringsliv";"Øvrige";"0";"0";"";"places/naeringsliv/akershus/hakadal_verk/hakadal_verk.json"
"Uten quiz";"Hallingdal Museum Nesbyen";"hallingdal_museum_nesbyen";"historie";"Øvrige";"0";"0";"";"places/historie/buskerud/places_historie_buskerud_batch2/hallingdal_museum_nesbyen.json"
"Med quiz";"Hallvardskirken i middelalder-Oslo";"hallvardskirken_oslo";"historie";"Øvrige";"1";"1";"data/quiz/historie/places_historie_norge_for_1500_batch_02_sets.json";"places/historie/norge/places_historie_norge_for_1500_batch2/hallvardskirken_oslo.json"
"Uten quiz";"Hamar stasjon / jernbanebyen";"hamar_stasjon_jernbanebyen";"by";"Øvrige";"0";"0";"";"places/by/innlandet/hamar_stasjon_jernbanebyen/hamar_stasjon_jernbanebyen.json"
"Uten quiz";"Hamar Teater";"hamar_teater";"scenekunst";"Øvrige";"0";"0";"";"places/scenekunst/innlandet/hamar_teater/hamar_teater.json"
"Uten quiz";"Hammerfest";"hammerfest";"by";"Øvrige";"0";"0";"";"places/by/finnmark/hammerfest/hammerfest.json"
"Med quiz";"Hammersborg torg";"hammersborg_torg";"by";"Oslo";"1";"1";"data/quiz/by/hammersborg_torg_sets.json";"places/by/oslo/places/hammersborg_torg.json"
"Uten quiz";"Haraldrud gjenvinningsstasjon";"haraldrud_gjenvinningsstasjon";"natur";"Oslo";"0";"0";"";"places/natur/oslo/miljo_gjenbruk/haraldrud_gjenvinningsstasjon.json"
"Uten quiz";"Haraldrud ombrukstelt";"haraldrud_ombrukstelt";"natur";"Oslo";"0";"0";"";"places/natur/oslo/miljo_gjenbruk/haraldrud_ombrukstelt.json"
"Uten quiz";"Hardeland kraftverk";"hardeland_kraftverk";"naeringsliv";"Øvrige";"0";"0";"";"places/naeringsliv/vestland/etne/hardeland_kraftverk/hardeland_kraftverk.json"
"Uten quiz";"Hartvig Nissens skole (SKAM)";"hartvig_nissens_skole_skam";"film_tv";"Oslo";"0";"0";"";"places/film/oslo/places/hartvig_nissens_skole_skam.json"
"Uten quiz";"Haslum kirke";"haslum_kirke";"religion";"Øvrige";"0";"0";"";"places/historie/akershus/places_historie_akershus_batch2/haslum_kirke.json"
"Uten quiz";"Hassel jernverk";"hassel_jernverk";"naeringsliv";"Øvrige";"0";"0";"";"places/naeringsliv/buskerud/hassel_jernverk/hassel_jernverk.json"
"Uten quiz";"Hattfjelldal";"hattfjelldal";"by";"Øvrige";"0";"0";"";"places/by/nordland/hattfjelldal/hattfjelldal.json"
"Uten quiz";"Haug kirke / Eiker kirkested";"haug_kirke_eiker";"religion";"Øvrige";"0";"0";"";"places/historie/buskerud/places_historie_buskerud_batch2/haug_kirke_eiker.json"
"Uten quiz";"Haugerudparken";"furuset_haugerud_skogbelte";"natur";"Oslo";"0";"0";"";"places/natur/oslo/places_oslo_alna/furuset_haugerud_skogbelte.json"
"Uten quiz";"Hauges Minde";"hauges_minde";"kunst";"Oslo";"0";"0";"";"places/historie/oslo/places_historie_oslo_kultureiendommer_batch_03/hauges_minde.json"
"Uten quiz";"Haugesund Teater – HAUT scene";"haugesund_teater_haut_scene";"scenekunst";"Øvrige";"0";"0";"";"places/scenekunst/rogaland/haugesund_teater_haut_scene/haugesund_teater_haut_scene.json"
"Med quiz";"Hausmania";"hausmania";"subkultur";"Oslo";"1";"1";"data/quiz/subkultur/hausmania_sets.json";"places/subkultur/oslo/places_subkultur/hausmania.json"
"Med quiz";"Hausmannsbrua";"hausmannsbrua";"by";"Oslo";"1";"1";"data/quiz/by/hausmannsbrua_sets.json";"places/natur/oslo/places_oslo_natur_akerselvarute/hausmannsbrua.json"
"Uten quiz";"Hausmannsgate-aksen";"hausmannsgate_aksen";"subkultur";"Oslo";"0";"0";"";"places/subkultur/oslo/places_subkultur/hausmannsgate_aksen.json"
"Uten quiz";"Hausmannskvartalene – elveløp";"hausmannsomradet_elvelop";"by";"Oslo";"0";"0";"";"places/natur/oslo/places_oslo_natur_akerselvarute/hausmannsomradet_elvelop.json"
"Uten quiz";"Hedalen stavkirke";"hedalen_stavkirke";"religion";"Øvrige";"0";"0";"";"places/historie/innlandet/places_historie_innlandet_batch5/hedalen_stavkirke.json"
"Uten quiz";"Heddal stavkirke";"heddal_stavkirke";"religion";"Øvrige";"0";"0";"";"places/historie/telemark/places_historie_telemark_batch1/heddal_stavkirke.json"
"Uten quiz";"Hedrum kirke";"hedrum_kirke_larvik";"religion";"Øvrige";"0";"0";"";"places/historie/vestfold/places_historie_vestfold_batch2/hedrum_kirke_larvik.json"
"Uten quiz";"Hegge stavkirke";"hegge_stavkirke";"religion";"Øvrige";"0";"0";"";"places/historie/innlandet/places_historie_innlandet_batch2/hegge_stavkirke.json"
"Uten quiz";"Heggedal hovedgård";"heggedal_hovedgard";"historie";"Øvrige";"0";"0";"";"places/historie/akershus/places_historie_akershus_batch2/heggedal_hovedgard.json"
"Uten quiz";"Heggholmen";"heggholmen";"historie";"Oslo";"0";"0";"";"places/historie/oslo/places_historie/heggholmen.json"
"Uten quiz";"Heidal kirke";"heidal_kirke";"religion";"Øvrige";"0";"0";"";"places/historie/innlandet/places_historie_innlandet_batch12/heidal_kirke.json"
"Med quiz";"Helgaberget";"helgaberget_etne";"historie";"Øvrige";"1";"1";"data/quiz/historie/helgaberget_etne_sets.json";"places/historie/vestland/etne/helgaberget_etne.json"
"Med quiz";"Helleristningene på Ekeberg";"ekeberg_helleristninger";"historie";"Oslo";"1";"1";"data/quiz/historie/ekeberg_helleristninger_sets.json";"places/historie/oslo/places_historie/ekeberg_helleristninger.json"
"Med quiz";"Helsfyr";"helsfyr";"by";"Oslo";"1";"1";"data/quiz/by/helsfyr_sets.json";"places/by/oslo/places/helsfyr.json"
"Uten quiz";"Helvete / Neseblod Records";"helvete_neseblod_records";"subkultur";"Oslo";"0";"0";"";"places/subkultur/oslo/places_subkultur/helvete_neseblod_records.json"
"Uten quiz";"Hemeroteca Municipal de Lisboa";"lisbon_hemeroteca_municipal";"litteratur";"Lisboa";"0";"0";"";"places/litteratur/europe/portugal/lisbon/places_lisbon_litteratur/lisbon_hemeroteca_municipal.json"
"Uten quiz";"Hemsedal Bygdatun / Øvre Løkji";"hemsedal_bygdatun";"historie";"Øvrige";"0";"0";"";"places/historie/buskerud/places_historie_buskerud_batch5/hemsedal_bygdatun.json"
"Med quiz";"Henrik Wergeland-statuen";"henrik_wergeland_statue";"litteratur";"Oslo";"5";"1";"data/quiz/litteratur/henrik_wergeland_statue_sets_merged.json";"places/litteratur/oslo/places_litteratur/henrik_wergeland_statue.json"
"Uten quiz";"Herefoss kirke Birkenes";"herefoss_kirke_birkenes";"religion";"Øvrige";"0";"0";"";"places/historie/agder/herefoss_kirke_birkenes/herefoss_kirke_birkenes.json"
"Uten quiz";"Herregården i Larvik";"herregarden_larvik";"historie";"Øvrige";"0";"0";"";"places/historie/vestfold/places_historie_vestfold_batch2/herregarden_larvik.json"
"Uten quiz";"Herøya industripark";"heroya_industripark_porsgrunn";"naeringsliv";"Øvrige";"0";"0";"";"places/naeringsliv/telemark/heroya_industripark_porsgrunn/heroya_industripark_porsgrunn.json"
"Uten quiz";"Hidra kirke Flekkefjord";"hidra_kirke_flekkefjord";"religion";"Øvrige";"0";"0";"";"places/historie/agder/hidra_kirke_flekkefjord/hidra_kirke_flekkefjord.json"
"Uten quiz";"Hipódromo do Campo Grande";"lisbon_hipodromo_do_campo_grande";"sport";"Lisboa";"0";"0";"";"places/sport/europa/portugal/sportvenues_lisbon/lisbon_hipodromo_do_campo_grande.json"
"Uten quiz";"Historisk museum";"historisk_museum";"historie";"Oslo";"0";"0";"";"places/historie/oslo/places_historie/historisk_museum.json"
"Uten quiz";"Hjartdal kirke";"hjartdal_kirke";"religion";"Øvrige";"0";"0";"";"places/historie/telemark/places_historie_telemark_batch5/hjartdal_kirke.json"
"Uten quiz";"Hjerkinn fjellstue";"hjerkinn_fjellstue";"historie";"Øvrige";"0";"0";"";"places/historie/innlandet/places_historie_innlandet_batch12/hjerkinn_fjellstue.json"
"Med quiz";"Hjørungavåg";"hjorungavag";"historie";"Øvrige";"1";"1";"data/quiz/historie/places_historie_norge_for_1500_batch_02_sets.json";"places/historie/norge/places_historie_norge_for_1500_batch2/hjorungavag.json"
"Uten quiz";"Hobøl kirke";"hobol_kirke";"religion";"Øvrige";"0";"0";"";"places/historie/ostfold/places_historie_ostfold_batch5/hobol_kirke.json"
"Uten quiz";"HODET N.N.";"hodet_nn_torshovdalen";"kunst";"Oslo";"0";"0";"";"places/kunst/oslo/places_kunst/hodet_nn_torshovdalen.json"
"Uten quiz";"Hof kirke Holmestrand";"hof_kirke_holmestrand";"religion";"Øvrige";"0";"0";"";"places/historie/vestfold/places_historie_vestfold_batch6/hof_kirke_holmestrand.json"
"Uten quiz";"Hof kirke Åsnes";"hof_kirke_asnes";"religion";"Øvrige";"0";"0";"";"places/historie/innlandet/places_historie_innlandet_batch15/hof_kirke_asnes.json"
"Uten quiz";"Hoff kirke Østre Toten";"hoff_kirke_toten";"religion";"Øvrige";"0";"0";"";"places/historie/innlandet/places_historie_innlandet_batch12/hoff_kirke_toten.json"
"Uten quiz";"Hogga sluse / Telemarkskanalen";"hogga_sluse_telemarkskanalen";"by";"Øvrige";"0";"0";"";"places/by/telemark/hogga_sluse_telemarkskanalen/hogga_sluse_telemarkskanalen.json"
"Uten quiz";"Hol gamle kyrkje";"hol_gamle_kyrkje";"religion";"Øvrige";"0";"0";"";"places/historie/buskerud/places_historie_buskerud_batch2/hol_gamle_kyrkje.json"
"Uten quiz";"Holen kraftverk Bykle";"holen_kraftverk_bykle";"naeringsliv";"Øvrige";"0";"0";"";"places/naeringsliv/agder/holen_kraftverk_bykle/holen_kraftverk_bykle.json"
"Uten quiz";"Holla kirkeruin Ulefoss";"holla_kirkeruin_ulefoss";"historie";"Øvrige";"0";"0";"";"places/historie/telemark/places_historie_telemark_batch4/holla_kirkeruin_ulefoss.json"
"Med quiz";"Holmengrå ved Hvaler";"holmengra_hvaler";"historie";"Øvrige";"1";"1";"data/quiz/historie/places_historie_norge_for_1500_batch_04_sets.json";"places/historie/norge/places_historie_norge_for_1500_batch4/holmengra_hvaler.json"
"Uten quiz";"Holmenkollen kapell";"holmenkollen_kapell";"religion";"Oslo";"0";"0";"";"places/by/oslo/places/holmenkollen_kapell.json"
"Med quiz";"Holmenkollen nasjonalanlegg";"holmenkollen_nasjonalanlegg";"sport";"Øvrige";"1";"1";"data/quiz/sport/holmenkollen_nasjonalanlegg_sets.json";"places/sport/europa/norway/oslo_sport/holmenkollen_nasjonalanlegg.json"
"Uten quiz";"Holmestrand kirke";"holmestrand_kirke";"religion";"Øvrige";"0";"0";"";"places/historie/vestfold/places_historie_vestfold_batch4/holmestrand_kirke.json"
"Uten quiz";"Holmlia";"holmlia";"by";"Oslo";"0";"0";"";"places/by/oslo/places/holmlia.json"
"Med quiz";"Holmlia bad";"holmlia_bad";"sport";"Øvrige";"1";"1";"data/quiz/sport/holmlia_bad_sets.json";"places/sport/europa/norway/oslo_sport/holmlia_bad.json"
"Uten quiz";"Holt kirke Tvedestrand";"holt_kirke_tvedestrand";"religion";"Øvrige";"0";"0";"";"places/historie/agder/holt_kirke_tvedestrand/holt_kirke_tvedestrand.json"
"Uten quiz";"Homborsund fyr Grimstad";"homborsund_fyr_grimstad";"by";"Øvrige";"0";"0";"";"places/by/agder/homborsund_fyr_grimstad/homborsund_fyr_grimstad.json"
"Uten quiz";"Homlungen fyr";"homlungen_fyr";"by";"Øvrige";"0";"0";"";"places/by/ostfold/homlungen_fyr/homlungen_fyr.json"
"Uten quiz";"Hornnes kirke";"hornnes_kirke";"religion";"Øvrige";"0";"0";"";"places/historie/agder/hornnes_kirke/hornnes_kirke.json"
"Uten quiz";"Horten stasjon / Vestfoldbanen";"horten_stasjon_vestfoldbanen";"by";"Øvrige";"0";"0";"";"places/by/vestfold/horten_stasjon_vestfoldbanen/horten_stasjon_vestfoldbanen.json"
"Uten quiz";"Hot Clube de Portugal";"lisbon_hot_clube_de_portugal";"musikk";"Lisboa";"0";"0";"";"places/musikk/europe/portugal/lisbon/places_lisbon_musikk/lisbon_hot_clube_de_portugal.json"
"Uten quiz";"Hotel du Nord";"hotel_du_nord";"naeringsliv";"Oslo";"0";"0";"";"places/naeringsliv/oslo/places_naeringsliv_oslo_oppdag_kvadraturen_batch_02/hotel_du_nord.json"
"Uten quiz";"House of Blues Skånevik";"house_of_blues_skanevik";"musikk";"Øvrige";"0";"0";"";"places/kunst/vestland/etne/house_of_blues_skanevik/house_of_blues_skanevik.json"
"Uten quiz";"House of Nerds";"house_of_nerds";"subkultur";"Oslo";"0";"0";"";"places/subkultur/oslo/house_of_nerds.json"
"Uten quiz";"Hovedøya";"hovedoya";"natur";"Oslo";"0";"0";"";"places/natur/oslo/places_oslo_natur_hovedsteder/hovedoya.json"
"Med quiz";"Hovedøya kloster";"hovedoya_kloster";"historie";"Oslo";"1";"1";"data/quiz/historie/hovedoya_kloster_sets.json";"places/historie/oslo/places_historie/hovedoya_kloster.json"
"Uten quiz";"Hub Criativo do Beato";"lisbon_hub_criativo_do_beato";"naeringsliv";"Lisboa";"0";"0";"";"places/naeringsliv/europe/portugal/lisbon/places_lisbon_naeringsliv/lisbon_hub_criativo_do_beato.json"
"Uten quiz";"Hulen";"hulen_bergen";"subkultur";"Øvrige";"0";"0";"";"places/subkultur/vestland/hulen_bergen/hulen_bergen.json"
"Uten quiz";"Hundorp / Dale-Gudbrands gard";"hundorp_dale_gudbrand";"historie";"Øvrige";"0";"0";"";"places/historie/innlandet/places_historie_innlandet_batch3/hundorp_dale_gudbrand.json"
"Uten quiz";"Hunnfeltet gravfelt";"hunnfeltet_gravfelt";"historie";"Øvrige";"0";"0";"";"places/historie/ostfold/places_historie_ostfold_batch1/hunnfeltet_gravfelt.json"
"Uten quiz";"Hunsfos fabrikker Vennesla";"hunsfos_fabrikker_vennesla";"naeringsliv";"Øvrige";"0";"0";"";"places/naeringsliv/agder/hunsfos_fabrikker_vennesla/hunsfos_fabrikker_vennesla.json"
"Uten quiz";"Hurdal Verk / Hurdal Glassverk";"hurdal_verk_glassverk";"naeringsliv";"Øvrige";"0";"0";"";"places/naeringsliv/akershus/hurdal_verk_glassverk/hurdal_verk_glassverk.json"
"Uten quiz";"Husantunet / Alvdal bygdemuseum";"husantunet_alvdal_bygdemuseum";"historie";"Øvrige";"0";"0";"";"places/historie/innlandet/places_historie_innlandet_batch9/husantunet_alvdal_bygdemuseum.json"
"Uten quiz";"Huset Oslo";"huset_oslo";"subkultur";"Oslo";"0";"0";"";"places/subkultur/oslo/places_subkultur/huset_oslo.json"
"Uten quiz";"Hvaler kirke";"hvaler_kirke";"religion";"Øvrige";"0";"0";"";"places/historie/ostfold/places_historie_ostfold_batch2/hvaler_kirke.json"
"Uten quiz";"Hvalfangstmuseet Sandefjord";"hvalfangstmuseet_sandefjord";"historie";"Øvrige";"0";"0";"";"places/historie/vestfold/places_historie_vestfold_batch1/hvalfangstmuseet_sandefjord.json"
"Uten quiz";"Hvalsmoen leir";"hvalsmoen_leir";"historie";"Øvrige";"0";"0";"";"places/historie/buskerud/places_historie_buskerud_batch4/hvalsmoen_leir.json"
"Uten quiz";"Hvitsten sjøbodene";"hvitsten_sjobodene";"by";"Øvrige";"0";"0";"";"places/by/akershus/hvitsten_sjobodene/hvitsten_sjobodene.json"
"Uten quiz";"Hylestad gamle kyrkjegard";"hylestad_gamle_kyrkjegard";"historie";"Øvrige";"0";"0";"";"places/historie/agder/hylestad_gamle_kyrkjegard/hylestad_gamle_kyrkjegard.json"
"Uten quiz";"Hægebostad kirke";"haegebostad_kirke";"religion";"Øvrige";"0";"0";"";"places/historie/agder/haegebostad_kirke/haegebostad_kirke.json"
"Uten quiz";"Hølen ladested";"holen_ladested";"by";"Øvrige";"0";"0";"";"places/by/akershus/holen_ladested/holen_ladested.json"
"Uten quiz";"Høllen brygge Søgne";"hollen_brygge_sogne";"by";"Øvrige";"0";"0";"";"places/by/agder/hollen_brygge_sogne/hollen_brygge_sogne.json"
"Uten quiz";"Hønse-Lovisas hus";"honse_lovisas_hus";"litteratur";"Oslo";"0";"0";"";"places/litteratur/oslo/places_litteratur_oslo_kultureiendommer_batch_05/honse_lovisas_hus.json"
"Uten quiz";"Høvåg kirke Lillesand";"hovag_kirke_lillesand";"religion";"Øvrige";"0";"0";"";"places/historie/agder/hovag_kirke_lillesand/hovag_kirke_lillesand.json"
"Uten quiz";"Høyblokka";"hoyblokka";"politikk";"Oslo";"0";"0";"";"places/politikk/oslo/places_politikk/hoyblokka.json"
"Uten quiz";"Høybråten miljøstasjon";"hoybraten_miljostasjon";"natur";"Oslo";"0";"0";"";"places/natur/oslo/miljo_gjenbruk/hoybraten_miljostasjon.json"
"Uten quiz";"Høyesteretts hus";"hoyesteretts_hus";"politikk";"Oslo";"0";"0";"";"places/politikk/oslo/places_politikk/hoyesteretts_hus.json"
"Uten quiz";"Høyjord stavkirke";"hoyjord_stavkirke";"religion";"Øvrige";"0";"0";"";"places/historie/vestfold/places_historie_vestfold_batch3/hoyjord_stavkirke.json"
"Uten quiz";"Høyres Hus";"hoyres_hus";"politikk";"Oslo";"0";"0";"";"places/politikk/oslo/places_politikk/hoyres_hus.json"
"Uten quiz";"Høytorp fort";"hoytorp_fort";"historie";"Øvrige";"0";"0";"";"places/historie/ostfold/places_historie_ostfold_batch2/hoytorp_fort.json"
"Med quiz";"Håkonarparken på Fitjar";"fitjar_hakonarparken";"historie";"Øvrige";"1";"1";"data/quiz/historie/places_historie_norge_for_1500_batch_02_sets.json";"places/historie/norge/places_historie_norge_for_1500_batch2/fitjar_hakonarparken.json"
"Med quiz";"Håkonshella og Håkon den gode-bautaen";"hakonshella_bauta";"historie";"Øvrige";"1";"1";"data/quiz/historie/places_historie_norge_for_1500_batch_03_sets.json";"places/historie/norge/places_historie_norge_for_1500_batch3/hakonshella_bauta.json"
"Uten quiz";"Hålogaland Teater";"halogaland_teater";"scenekunst";"Øvrige";"0";"0";"";"places/scenekunst/troms/halogaland_teater/halogaland_teater.json"
"Uten quiz";"IBSEN Museum & Teater";"ibsen_museum_teater";"litteratur";"Oslo";"0";"0";"";"places/litteratur/oslo/places_litteratur/ibsen_museum_teater.json"
"Uten quiz";"Ibsen Venstøp Skien";"ibsen_venstop_skien";"litteratur";"Øvrige";"0";"0";"";"places/litteratur/telemark/ibsen_venstop_skien/ibsen_venstop_skien.json"
"Uten quiz";"Ibsen-museet Grimstad";"ibsen_museet_grimstad";"litteratur";"Øvrige";"0";"0";"";"places/litteratur/agder/ibsen_museet_grimstad/ibsen_museet_grimstad.json"
"Uten quiz";"Idd kirke";"idd_kirke";"religion";"Øvrige";"0";"0";"";"places/historie/ostfold/places_historie_ostfold_batch5/idd_kirke.json"
"Uten quiz";"Igreja de Santo António";"lisbon_igreja_de_santo_antonio";"religion";"Lisboa";"0";"0";"";"places/historie/europe/portugal/lisbon/places_lisbon_historie/lisbon_igreja_de_santo_antonio.json"
"Uten quiz";"Igreja de São Domingos";"lisbon_igreja_de_sao_domingos";"religion";"Lisboa";"0";"0";"";"places/historie/europe/portugal/lisbon/places_lisbon_historie/lisbon_igreja_de_sao_domingos.json"
"Uten quiz";"Igreja de São Roque";"lisbon_igreja_de_sao_roque";"religion";"Lisboa";"0";"0";"";"places/historie/europe/portugal/lisbon/places_lisbon_historie/lisbon_igreja_de_sao_roque.json"
"Uten quiz";"Igreja e Mosteiro de São Vicente de Fora";"lisbon_sao_vicente_de_fora";"religion";"Lisboa";"0";"0";"";"places/historie/europe/portugal/lisbon/places_lisbon_historie/lisbon_sao_vicente_de_fora.json"
"Uten quiz";"Indre Rød gård";"indreroed_gard_fredrikstad";"historie";"Øvrige";"0";"0";"";"places/historie/ostfold/places_historie_ostfold_batch3/indreroed_gard_fredrikstad.json"
"Uten quiz";"Inger Hagerups plass";"inger_hagerups_plass";"litteratur";"Oslo";"0";"0";"";"places/litteratur/oslo/places_litteratur/inger_hagerups_plass.json"
"Uten quiz";"Ingierstrand bad";"ingierstrand_bad";"historie";"Øvrige";"0";"0";"";"places/historie/akershus/ingierstrand_bad.json"
"Uten quiz";"Ingvar Moe-bysten i Etne";"ingvar_moe_byste_etne";"litteratur";"Øvrige";"0";"0";"";"places/litteratur/vestland/etne/ingvar_moe_byste_etne/ingvar_moe_byste_etne.json"
"Uten quiz";"Instituto de Higiene e Medicina Tropical";"lisbon_instituto_higiene_medicina_tropical";"vitenskap";"Lisboa";"0";"0";"";"places/vitenskap/europe/portugal/lisbon/places_lisbon_vitenskap/lisbon_instituto_higiene_medicina_tropical.json"
"Uten quiz";"Instituto Nacional de Saúde Doutor Ricardo Jorge";"lisbon_instituto_ricardo_jorge";"vitenskap";"Lisboa";"0";"0";"";"places/vitenskap/europe/portugal/lisbon/places_lisbon_vitenskap/lisbon_instituto_ricardo_jorge.json"
"Uten quiz";"Instituto Superior Técnico";"lisbon_instituto_superior_tecnico";"vitenskap";"Lisboa";"0";"0";"";"places/vitenskap/europe/portugal/lisbon/places_lisbon_vitenskap/lisbon_instituto_superior_tecnico.json"
"Uten quiz";"Intendente";"lisbon_intendente";"by";"Lisboa";"0";"0";"";"places/by/europe/portugal/lisbon/places_lisbon_by/lisbon_intendente.json"
"Med quiz";"Intility Arena";"intility_arena";"sport";"Øvrige";"1";"1";"data/quiz/sport/intility_arena_sets.json";"places/sport/europa/norway/oslo_sport/intility_arena.json"
"Uten quiz";"Isegran fort og fartøyvernsenter";"isegran_fort_verft";"historie";"Øvrige";"0";"0";"";"places/historie/ostfold/places_historie_ostfold_batch4/isegran_fort_verft.json"
"Uten quiz";"Istrehågan steinsetting";"istrehagan_steinsetting";"historie";"Øvrige";"0";"0";"";"places/historie/vestfold/places_historie_vestfold_batch2/istrehagan_steinsetting.json"
"Uten quiz";"Iveland kirke";"iveland_kirke";"religion";"Øvrige";"0";"0";"";"places/historie/agder/iveland_kirke/iveland_kirke.json"
"Uten quiz";"Jaeger";"jaeger_oslo";"musikk";"Oslo";"0";"0";"";"places/subkultur/oslo/places_subkultur/jaeger_oslo.json"
"Uten quiz";"Jardim Botânico de Lisboa";"lisbon_jardim_botanico";"natur";"Lisboa";"0";"0";"";"places/natur/europe/portugal/lisbon/places_lisbon_natur/lisbon_jardim_botanico.json"
"Uten quiz";"Jardim Botânico Tropical";"lisbon_jardim_botanico_tropical";"vitenskap";"Lisboa";"0";"0";"";"places/vitenskap/europe/portugal/lisbon/places_lisbon_vitenskap/lisbon_jardim_botanico_tropical.json"
"Uten quiz";"Jardim da Estrela";"lisbon_jardim_da_estrela";"natur";"Lisboa";"0";"0";"";"places/natur/europe/portugal/lisbon/places_lisbon_natur/lisbon_jardim_da_estrela.json"
"Uten quiz";"Jardim da Fundação Calouste Gulbenkian";"lisbon_jardim_gulbenkian";"natur";"Lisboa";"0";"0";"";"places/natur/europe/portugal/lisbon/places_lisbon_natur/lisbon_jardim_gulbenkian.json"
"Uten quiz";"Jardim do Príncipe Real";"lisbon_jardim_do_principe_real";"natur";"Lisboa";"0";"0";"";"places/natur/europe/portugal/lisbon/places_lisbon_natur/lisbon_jardim_do_principe_real.json"
"Uten quiz";"Jardim do Torel";"lisbon_jardim_do_torel";"natur";"Lisboa";"0";"0";"";"places/natur/europe/portugal/lisbon/places_lisbon_natur/lisbon_jardim_do_torel.json"
"Uten quiz";"Jarlsberg hovedgård";"jarlsberg_hovedgard";"historie";"Øvrige";"0";"0";"";"places/historie/vestfold/places_historie_vestfold_batch3/jarlsberg_hovedgard.json"
"Med quiz";"Jelling kongsgård og monumentområde";"jelling_kongsgard";"historie";"Øvrige";"1";"1";"data/quiz/historie/places_historie_norge_for_1500_batch_05_sets.json";"places/historie/norge/places_historie_norge_for_1500_batch4/jelling_kongsgard.json"
"Med quiz";"Jernbanetorget";"jernbanetorget";"by";"Oslo";"1";"1";"data/quiz/by/jernbanetorget_sets.json";"places/by/oslo/places/jernbanetorget.json"
"Uten quiz";"Jernvinna på Grindheim";"grindheim_jernvinne";"historie";"Øvrige";"0";"0";"";"places/historie/vestland/bomlo/grindheim_jernvinne.json"
"Uten quiz";"Jernvinneanlegget i Gjerdesvågen";"gjerdesvagen_jernvinne";"historie";"Øvrige";"0";"0";"";"places/historie/vestland/kvinnherad/gjerdesvagen_jernvinne.json"
"Uten quiz";"Jerónimo Martins Headquarters";"lisbon_jeronimo_martins_headquarters";"naeringsliv";"Lisboa";"0";"0";"";"places/naeringsliv/europe/portugal/lisbon/places_lisbon_naeringsliv/lisbon_jeronimo_martins_headquarters.json"
"Uten quiz";"Jettegrytene på Rullestad";"jettegrytene_rullestad";"natur";"Øvrige";"0";"0";"";"places/natur/vestland/jettegrytene_rullestad/jettegrytene_rullestad.json"
"Uten quiz";"JNcQUOI / Avenida da Liberdade";"lisbon_jncquoi_avenida_da_liberdade";"naeringsliv";"Lisboa";"0";"0";"";"places/naeringsliv/europe/portugal/lisbon/places_lisbon_naeringsliv/lisbon_jncquoi_avenida_da_liberdade.json"
"Med quiz";"John Dee";"john_dee";"musikk";"Oslo";"5";"1";"data/quiz/musikk/john_dee_sets_merged_REVISED.json";"places/musikk/oslo/places_musikk/john_dee.json"
"Med quiz";"Jordal Amfi";"jordal_amfi";"sport";"Øvrige";"1";"1";"data/quiz/sport/jordal_amfi_sets.json";"places/sport/europa/norway/oslo_sport/jordal_amfi.json"
"Med quiz";"Jordal ungdomshall";"jordal_ungdomshall";"sport";"Oslo";"1";"1";"data/quiz/sport/jordal_ungdomshall_sets.json";"places/sport/oslo/places_sport/jordal_ungdomshall.json"
"Med quiz";"Jórvík / York";"york_jorvik";"by";"Øvrige";"1";"1";"data/quiz/historie/places_historie_norge_for_1500_batch_04_sets.json";"places/by/utland_england/york_jorvik/york_jorvik.json"
"Uten quiz";"Justøy kystkultur Lillesand";"justoy_kystkultur_lillesand";"natur";"Øvrige";"0";"0";"";"places/natur/agder/justoy_kystkultur_lillesand/justoy_kystkultur_lillesand.json"
"Uten quiz";"Jutulheimen / Vågå bygdamuseum";"jutulheimen_vagaa_bygdamuseum";"historie";"Øvrige";"0";"0";"";"places/historie/innlandet/places_historie_innlandet_batch12/jutulheimen_vagaa_bygdamuseum.json"
"Uten quiz";"Jødisk Museum i Oslo";"jodisk_museum_oslo";"historie";"Oslo";"0";"0";"";"places/historie/oslo/places_historie/jodisk_museum_oslo.json"
"Uten quiz";"Jørstadmoen leir";"jorstadmoen_leir";"historie";"Øvrige";"0";"0";"";"places/historie/innlandet/places_historie_innlandet_batch8/jorstadmoen_leir.json"
"Uten quiz";"Kafé Grei";"kafe_grei";"naeringsliv";"Oslo";"0";"0";"";"places/naeringsliv/oslo/places_naeringsliv_oslo_oppdag_kvadraturen_batch_01/kafe_grei.json"
"Uten quiz";"Kafé Hærverk";"kafe_haerverk";"subkultur";"Oslo";"0";"0";"";"places/subkultur/oslo/places_subkultur/kafe_haerverk.json"
"Uten quiz";"Kafe X";"kafe_x_tromso";"subkultur";"Øvrige";"0";"0";"";"places/subkultur/troms/kafe_x_tromso/kafe_x_tromso.json"
"Med quiz";"Kalmar slott";"kalmar_slott";"historie";"Øvrige";"1";"1";"data/quiz/historie/places_historie_norge_for_1500_batch_04_sets.json";"places/historie/norge/places_historie_norge_for_1500_batch3/kalmar_slott.json"
"Med quiz";"Kalvskinnet slagsted";"kalvskinnet_slagsted";"historie";"Øvrige";"1";"1";"data/quiz/historie/places_historie_norge_for_1500_batch_03_sets.json";"places/historie/norge/places_historie_norge_for_1500_batch3/kalvskinnet_slagsted.json"
"Uten quiz";"Kampen gjenvinningsstasjon";"kampen_gjenvinningsstasjon";"natur";"Oslo";"0";"0";"";"places/natur/oslo/miljo_gjenbruk/kampen_gjenvinningsstasjon.json"
"Med quiz";"Kampen kirke";"kampen_kirke";"religion";"Oslo";"1";"1";"data/quiz/by/kampen_kirke_sets.json";"places/by/oslo/places/kampen_kirke.json"
"Uten quiz";"Kampen park";"kampen_park";"by";"Oslo";"0";"0";"";"places/by/oslo/kampen_park.json"
"Uten quiz";"Kampen Økologiske Barnebondegård";"kampen_okologiske_barnebondegard";"by";"Oslo";"0";"0";"";"places/by/oslo/places/kampen_okologiske_barnebondegard.json"
"Uten quiz";"Kapp melkefabrikk";"kapp_melkefabrikk";"naeringsliv";"Øvrige";"0";"0";"";"places/naeringsliv/innlandet/kapp_melkefabrikk/kapp_melkefabrikk.json"
"Med quiz";"Karl Johans gate";"karl_johan";"by";"Oslo";"1";"1";"data/quiz/by/karl_johans_gate_sets.json";"places/by/oslo/places/karl_johan.json"
"Uten quiz";"Karljohansvern Horten";"karljohansvern_horten";"historie";"Øvrige";"0";"0";"";"places/historie/vestfold/places_historie_vestfold_batch1/karljohansvern_horten.json"
"Uten quiz";"Kaupang / Bikjholberget";"kaupang_bikjholberget";"historie";"Øvrige";"0";"0";"";"places/historie/vestfold/places_historie_vestfold_batch1/kaupang_bikjholberget.json"
"Med quiz";"Keisarhaugen på Frette";"keisarhaugen_frette";"historie";"Øvrige";"1";"1";"data/quiz/historie/keisarhaugen_frette_sets.json";"places/historie/vestland/etne/keisarhaugen_frette.json"
"Med quiz";"KFUM Arena";"kfum_arena";"sport";"Øvrige";"1";"1";"data/quiz/sport/kfum_arena_sets.json";"places/sport/europa/norway/oslo_sport/kfum_arena.json"
"Uten quiz";"Kilden teater og konserthus Kristiansand";"kilden_teater_konserthus_kristiansand";"scenekunst";"Øvrige";"0";"0";"";"places/scenekunst/agder/kilden_teater_konserthus_kristiansand/kilden_teater_konserthus_kristiansand.json"
"Uten quiz";"Kirkegata 5";"kirkegata_5";"naeringsliv";"Oslo";"0";"0";"";"places/naeringsliv/oslo/places_naeringsliv_oslo_oppdag_kvadraturen_stil_arkitektur_batch_01/kirkegata_5.json"
"Med quiz";"Kirkeristen, Basarene og Brannvakten";"kirkeristen_basarene_brannvakten";"historie";"Oslo";"1";"1";"data/quiz/historie/kirkeristen_basarene_brannvakten_sets.json";"places/historie/oslo/places_historie_oslo_oppdag_kvadraturen_batch_01/kirkeristen_basarene_brannvakten.json"
"Uten quiz";"Kirsebærlunden";"kirsebarlunden";"by";"Oslo";"0";"0";"";"places/by/oslo/kirsebarlunden.json"
"Uten quiz";"Kistefos tresliperi / industrimuseum";"kistefos_tresliperi_jevnaker";"naeringsliv";"Øvrige";"0";"0";"";"places/naeringsliv/innlandet/kistefos_tresliperi_jevnaker/kistefos_tresliperi_jevnaker.json"
"Uten quiz";"Kistefos Træsliberi";"kistefos_traesliperi";"naeringsliv";"Øvrige";"0";"0";"";"places/naeringsliv/akershus/kistefos_traesliperi/kistefos_traesliperi.json"
"Uten quiz";"Kjeglebanen på Langgaardsløkken";"kjeglebanen_langgaardslokken";"sport";"Øvrige";"0";"0";"";"places/sport/europa/norway/places_oslo_kultureiendommer_batch_01/kjeglebanen_langgaardslokken.json"
"Uten quiz";"Kjeldal sluse / Telemarkskanalen";"kjeldal_sluse_telemarkskanalen";"by";"Øvrige";"0";"0";"";"places/by/telemark/kjeldal_sluse_telemarkskanalen/kjeldal_sluse_telemarkskanalen.json"
"Uten quiz";"Kjeller flyplass";"kjeller_flyplass";"by";"Øvrige";"0";"0";"";"places/by/akershus/kjeller_flyplass/kjeller_flyplass.json"
"Uten quiz";"Kjerraten i Åsa";"kjerraten_i_asa";"naeringsliv";"Øvrige";"0";"0";"";"places/naeringsliv/buskerud/kjerraten_i_asa/kjerraten_i_asa.json"
"Uten quiz";"Kjærlighetskarusellen";"kjaerlighetskarusellen";"historie";"Oslo";"0";"0";"";"places/historie/oslo/places_historie_added_batch_01/kjaerlighetskarusellen.json"
"Med quiz";"Klassekampen-redaksjonen";"klassekampen_redaksjon";"media";"Oslo";"1";"1";"data/quiz/media/klassekampen_redaksjon_sets.json";"places/media/oslo/places_oslo_media/klassekampen_redaksjon.json"
"Uten quiz";"Klevfos Cellulose- & Papirfabrikk";"klevfos_cellulose";"naeringsliv";"Øvrige";"0";"0";"";"places/naeringsliv/innlandet/klevfos_cellulose/klevfos_cellulose.json"
"Uten quiz";"Klimahuset";"klimahuset";"vitenskap";"Oslo";"0";"0";"";"places/vitenskap/oslo/places_vitenskap/klimahuset.json"
"Uten quiz";"Klingenberg kino";"klingenberg_kino";"sport";"Oslo";"0";"0";"";"places/film/oslo/places/klingenberg_kino.json"
"Uten quiz";"Kloden teater – Pilotscenen";"kloden_teater_pilotscenen";"scenekunst";"Oslo";"0";"0";"";"places/scenekunst/oslo/places_scenekunst/kloden_teater_pilotscenen.json"
"Uten quiz";"Klosterenga skulpturpark";"klosterenga_skulpturpark";"kunst";"Oslo";"0";"0";"";"places/kunst/oslo/places_kunst/klosterenga_skulpturpark.json"
"Uten quiz";"Klosterøya / Union Bruk Skien";"klosteroya_union_skien";"naeringsliv";"Øvrige";"0";"0";"";"places/naeringsliv/telemark/klosteroya_union_skien/klosteroya_union_skien.json"
"Uten quiz";"Knaben gruver Kvinesdal";"knaben_gruver_kvinesdal";"naeringsliv";"Øvrige";"0";"0";"";"places/naeringsliv/agder/knaben_gruver_kvinesdal/knaben_gruver_kvinesdal.json"
"Uten quiz";"Kodal kirke";"kodal_kirke_sandefjord";"religion";"Øvrige";"0";"0";"";"places/historie/vestfold/places_historie_vestfold_batch4/kodal_kirke_sandefjord.json"
"Uten quiz";"Kollentrollet";"kollentrollet";"kunst";"Oslo";"0";"0";"";"places/kunst/oslo/places_kunst/kollentrollet.json"
"Uten quiz";"Kolstadgata veggmiljø";"kolstadgata_toyen_vegger";"subkultur";"Oslo";"0";"0";"";"places/subkultur/oslo/places_subkultur/kolstadgata_toyen_vegger.json"
"Uten quiz";"Kon-Tiki Museet";"kon_tiki_museet";"historie";"Oslo";"0";"0";"";"places/historie/oslo/places_historie_atlas_obscura_bygdoy_batch_05/kon_tiki_museet.json"
"Uten quiz";"Kongsberg kirke";"kongsberg_kirke";"religion";"Øvrige";"0";"0";"";"places/historie/buskerud/places_historie_buskerud_batch3/kongsberg_kirke.json"
"Uten quiz";"Kongsberg Motorsenter";"kongsberg_motorsenter";"sport";"Øvrige";"0";"0";"";"places/sport/europa/norway/places_motorsport_ostlandet/kongsberg_motorsenter.json"
"Uten quiz";"Kongsberg Sølvverk";"kongsberg_solvverk";"naeringsliv";"Øvrige";"0";"0";"";"places/naeringsliv/buskerud/kongsberg_solvverk/kongsberg_solvverk.json"
"Uten quiz";"Kongsvinger festning";"kongsvinger_festning";"historie";"Øvrige";"0";"0";"";"places/historie/innlandet/places_historie_innlandet_batch1/kongsvinger_festning.json"
"Uten quiz";"Kongsvinger stasjon / grensebanen";"kongsvinger_stasjon_grensebanen";"by";"Øvrige";"0";"0";"";"places/by/innlandet/kongsvinger_stasjon_grensebanen/kongsvinger_stasjon_grensebanen.json"
"Uten quiz";"Konsmo kirke Lyngdal";"konsmo_kirke_lyngdal";"religion";"Øvrige";"0";"0";"";"places/historie/agder/konsmo_kirke_lyngdal/konsmo_kirke_lyngdal.json"
"Uten quiz";"Kontraskjæret";"kontraskjaeret";"historie";"Oslo";"0";"0";"";"places/historie/oslo/places_historie_oslo_oppdag_kvadraturen_batch_04/kontraskjaeret.json"
"Uten quiz";"Koppangtunet / Stor-Elvdal museum";"koppangtunet_stor_elvdal";"historie";"Øvrige";"0";"0";"";"places/historie/innlandet/places_historie_innlandet_batch9/koppangtunet_stor_elvdal.json"
"Med quiz";"Korketrekkeren";"korketrekkeren";"sport";"Øvrige";"1";"1";"data/quiz/sport/korketrekkeren_sets.json";"places/sport/europa/norway/places_oslo_lekeplasser_trening/korketrekkeren.json"
"Med quiz";"Kornmagasinet på Akershus festning";"oslo_kornmagasin";"naeringsliv";"Oslo";"5";"1";"data/quiz/naeringsliv/oslo_kornmagasin_sets_merged.json";"places/naeringsliv/oslo/places_naeringsliv/oslo_kornmagasin.json"
"Uten quiz";"Kornsjø stasjon og grensestasjon";"kornsjo_grensestasjon";"by";"Øvrige";"0";"0";"";"places/by/ostfold/kornsjo_grensestasjon/kornsjo_grensestasjon.json"
"Uten quiz";"Kragerø kirke / byhistorisk kirkested";"kragero_kirke_byhistorie";"religion";"Øvrige";"0";"0";"";"places/historie/telemark/places_historie_telemark_batch3/kragero_kirke_byhistorie.json"
"Uten quiz";"Kragerø stasjon / Kragerøbanen";"kragero_stasjon_kragerobanen";"by";"Øvrige";"0";"0";"";"places/by/telemark/kragero_stasjon_kragerobanen/kragero_stasjon_kragerobanen.json"
"Uten quiz";"Kragstøtten";"kragstotten";"kunst";"Oslo";"0";"0";"";"places/kunst/oslo/places_kunst/kragstotten.json"
"Uten quiz";"Kringsjå miljøstasjon";"kringsja_miljostasjon";"natur";"Oslo";"0";"0";"";"places/natur/oslo/miljo_gjenbruk/kringsja_miljostasjon.json"
"Uten quiz";"Kristiansand";"kristiansand";"by";"Øvrige";"0";"0";"";"places/by/agder/kristiansand/kristiansand.json"
"Uten quiz";"Kristiansand domkirke / Kvadraturen";"kristiansand_domkirke_byhistorie";"religion";"Øvrige";"0";"0";"";"places/by/agder/kristiansand_domkirke_byhistorie/kristiansand_domkirke_byhistorie.json"
"Uten quiz";"Kristiansand gamle tollbod";"kristiansand_gamle_tollbod";"by";"Øvrige";"0";"0";"";"places/by/agder/kristiansand_gamle_tollbod/kristiansand_gamle_tollbod.json"
"Uten quiz";"Kristiansand kanonmuseum Møvik";"kristiansand_kanonmuseum_movik";"historie";"Øvrige";"0";"0";"";"places/historie/agder/kristiansand_kanonmuseum_movik/kristiansand_kanonmuseum_movik.json"
"Uten quiz";"Kristiansand katedralskole";"kristiansand_katedralskole";"vitenskap";"Øvrige";"0";"0";"";"places/vitenskap/agder/kristiansand_katedralskole/kristiansand_katedralskole.json"
"Uten quiz";"Kristiansand lufthavn Kjevik";"kristiansand_lufthavn_kjevik";"by";"Øvrige";"0";"0";"";"places/by/agder/kristiansand_lufthavn_kjevik/kristiansand_lufthavn_kjevik.json"
"Uten quiz";"Kristiansand stasjon";"kristiansand_stasjon";"by";"Øvrige";"0";"0";"";"places/by/agder/kristiansand_stasjon/kristiansand_stasjon.json"
"Med quiz";"Kristkirken på Bergenhus";"kristkirken_bergenhus";"historie";"Øvrige";"1";"1";"data/quiz/historie/places_historie_norge_for_1500_batch_03_sets.json";"places/historie/norge/places_historie_norge_for_1500_batch3/kristkirken_bergenhus.json"
"Uten quiz";"Krokavatnet og Etneforkastningen";"krokavatnet_etneforkastningen";"natur";"Øvrige";"0";"0";"";"places/natur/vestland/etne/krokavatnet_etneforkastningen/krokavatnet_etneforkastningen.json"
"Uten quiz";"Krokkleiva / Den bergenske kongevei";"krokkleiva_kongeveien";"historie";"Øvrige";"0";"0";"";"places/historie/buskerud/places_historie_buskerud_batch5/krokkleiva_kongeveien.json"
"Uten quiz";"Krøderbanen / Krøderen stasjon";"kroderbanen_kroderen_stasjon";"by";"Øvrige";"0";"0";"";"places/by/buskerud/kroderbanen_kroderen_stasjon/kroderbanen_kroderen_stasjon.json"
"Uten quiz";"Kråkstad kirke og gravhaug";"krakstad_kirke_og_gravhaug";"religion";"Øvrige";"0";"0";"";"places/historie/akershus/places_historie_akershus_batch3/krakstad_kirke_og_gravhaug.json"
"Med quiz";"Kuba-parken";"kuba_parken";"natur";"Oslo";"6";"1";"data/quiz/natur/kuba_parken_sets.json";"places/natur/oslo/places_oslo_natur_akerselvarute/kuba_parken.json"
"Uten quiz";"Kuba-passasjene ved Akerselva";"kuba_akselpassasjer";"subkultur";"Oslo";"0";"0";"";"places/subkultur/oslo/places_subkultur/kuba_akselpassasjer.json"
"Uten quiz";"KUBEN Aust-Agder museum og arkiv";"kuben_aust_agder_museum";"historie";"Øvrige";"0";"0";"";"places/historie/agder/places_historie_agder_batch2/kuben_aust_agder_museum.json"
"Uten quiz";"Kulturkirken Jakob";"kulturkirken_jakob_litteratur";"musikk";"Oslo";"0";"0";"";"places/musikk/oslo/places_musikk/kulturkirken_jakob_litteratur.json"
"Uten quiz";"Kunsthall Oslo";"kunsthall_oslo";"kunst";"Oslo";"0";"0";"";"places/kunst/oslo/places_kunst/kunsthall_oslo.json"
"Uten quiz";"Kunstnerforbundet";"kunstnerforbundet";"kunst";"Oslo";"0";"0";"";"places/kunst/oslo/places_kunst/kunstnerforbundet.json"
"Uten quiz";"Kunstnernes Hus";"kunstnernes_hus";"kunst";"Oslo";"0";"0";"";"places/kunst/oslo/places_kunst/kunstnernes_hus.json"
"Uten quiz";"Kvam / krigsminne 1940";"kvam_krigsminne_1940";"historie";"Øvrige";"0";"0";"";"places/historie/innlandet/places_historie_innlandet_batch15/kvam_krigsminne_1940.json"
"Uten quiz";"Kvikne kirke";"kvikne_kirke";"religion";"Øvrige";"0";"0";"";"places/historie/innlandet/places_historie_innlandet_batch18/kvikne_kirke.json"
"Uten quiz";"Kvikne kobberverk";"kvikne_kobberverk";"naeringsliv";"Øvrige";"0";"0";"";"places/naeringsliv/innlandet/kvikne_kobberverk/kvikne_kobberverk.json"
"Uten quiz";"Kvinesdal kirke";"kvinesdal_kirke";"religion";"Øvrige";"0";"0";"";"places/historie/agder/kvinesdal_kirke/kvinesdal_kirke.json"
"Uten quiz";"Kvinnemuseet Kongsvinger";"kvinnemuseet_kongsvinger";"historie";"Øvrige";"0";"0";"";"places/historie/innlandet/places_historie_innlandet_batch4/kvinnemuseet_kongsvinger.json"
"Uten quiz";"Kviteseid gamle kyrkje";"kviteseid_gamle_kyrkje";"religion";"Øvrige";"0";"0";"";"places/historie/telemark/places_historie_telemark_batch2/kviteseid_gamle_kyrkje.json"
"Med quiz";"Kværnerbyen ved Alna";"kvaernerbyen_alna";"natur";"Oslo";"1";"1";"data/quiz/natur/kvaernerbyen_alna_sets.json";"places/natur/oslo/places_oslo_natur_alnaelva_rute/kvaernerbyen_alna.json"
"Uten quiz";"Kyrping handelsstad";"kyrping_handelsstad";"by";"Øvrige";"0";"0";"";"places/by/vestland/etne/kyrping_handelsstad/kyrping_handelsstad.json"
"Uten quiz";"KÖSK";"kosk_oslo";"kunst";"Oslo";"0";"0";"";"places/kunst/oslo/places_kunst/kosk_oslo.json"
"Uten quiz";"Laboratório Nacional de Engenharia Civil";"lisbon_laboratorio_nacional_engenharia_civil";"vitenskap";"Lisboa";"0";"0";"";"places/vitenskap/europe/portugal/lisbon/places_lisbon_vitenskap/lisbon_laboratorio_nacional_engenharia_civil.json"
"Uten quiz";"Labro-museene";"labro_museum";"naeringsliv";"Øvrige";"0";"0";"";"places/naeringsliv/buskerud/labro_museum/labro_museum.json"
"Med quiz";"Lade gård / Lade";"lade_gard";"historie";"Øvrige";"1";"1";"data/quiz/historie/places_historie_norge_for_1500_batch_01_sets.json";"places/historie/norge/places_historie_norge_for_1500_batch1/lade_gard.json"
"Uten quiz";"Lambertseter gård";"lambertseter_gard";"historie";"Oslo";"0";"0";"";"places/historie/oslo/places_historie_oslo_kultureiendommer_batch_10/lambertseter_gard.json"
"Uten quiz";"Lambertseter miljøstasjon";"lambertseter_miljostasjon";"natur";"Oslo";"0";"0";"";"places/natur/oslo/miljo_gjenbruk/lambertseter_miljostasjon.json"
"Uten quiz";"Land Museum Dokka";"land_museum_dokka";"historie";"Øvrige";"0";"0";"";"places/historie/innlandet/places_historie_innlandet_batch10/land_museum_dokka.json"
"Uten quiz";"Landvik kirke Grimstad";"landvik_kirke_grimstad";"religion";"Øvrige";"0";"0";"";"places/historie/agder/landvik_kirke_grimstad/landvik_kirke_grimstad.json"
"Uten quiz";"Langebudalen naturreservat";"langebudalen_naturreservat";"natur";"Øvrige";"0";"0";"";"places/natur/vestland/langebudalen_naturreservat/langebudalen_naturreservat.json"
"Uten quiz";"Langesund kirke / kystbyhistorie";"langesund_kirke_byhistorie";"religion";"Øvrige";"0";"0";"";"places/historie/telemark/places_historie_telemark_batch4/langesund_kirke_byhistorie.json"
"Uten quiz";"Langfoss";"langfoss_etne";"natur";"Øvrige";"0";"0";"";"places/natur/vestland/langfoss_etne/langfoss_etne.json"
"Uten quiz";"Langøyene";"langoyene";"natur";"Øvrige";"0";"0";"";"places/natur/akershus/langoyene.json"
"Uten quiz";"Lapa";"lisbon_lapa";"by";"Lisboa";"0";"0";"";"places/by/europe/portugal/lisbon/places_lisbon_by/lisbon_lapa.json"
"Uten quiz";"Largo do Carmo";"lisbon_largo_do_carmo";"politikk";"Lisboa";"0";"0";"";"places/politikk/europe/portugal/lisbon/places_lisbon_politikk/lisbon_largo_do_carmo.json"
"Uten quiz";"Larvik kirke";"larvik_kirke";"religion";"Øvrige";"0";"0";"";"places/historie/vestfold/places_historie_vestfold_batch3/larvik_kirke.json"
"Uten quiz";"Larvik Museum / Verksgården";"larvik_museum_verksgarden";"historie";"Øvrige";"0";"0";"";"places/historie/vestfold/places_historie_vestfold_batch6/larvik_museum_verksgarden.json"
"Uten quiz";"Larvik stasjon / Vestfoldbanen";"larvik_stasjon_vestfoldbanen";"by";"Øvrige";"0";"0";"";"places/by/vestfold/larvik_stasjon_vestfoldbanen/larvik_stasjon_vestfoldbanen.json"
"Uten quiz";"Last Train";"last_train_oslo";"subkultur";"Oslo";"0";"0";"";"places/subkultur/oslo/places_subkultur/last_train_oslo.json"
"Uten quiz";"Latter";"latter";"scenekunst";"Oslo";"0";"0";"";"places/scenekunst/oslo/places_scenekunst/latter.json"
"Uten quiz";"Laudal kraftverk Lindesnes";"laudal_kraftverk_lindesnes";"naeringsliv";"Øvrige";"0";"0";"";"places/naeringsliv/agder/laudal_kraftverk_lindesnes/laudal_kraftverk_lindesnes.json"
"Uten quiz";"Laugen kapellruin";"lausen_kapell_ruin";"historie";"Øvrige";"0";"0";"";"places/historie/buskerud/places_historie_buskerud_batch3/lausen_kapell_ruin.json"
"Uten quiz";"Lauvlia / Theodor Kittelsens kunstnerhjem";"lauvlia_kittelsen";"kunst";"Øvrige";"0";"0";"";"places/kunst/buskerud/lauvlia_kittelsen/lauvlia_kittelsen.json"
"Uten quiz";"Lena stasjon / Totenbanen";"lena_stasjon_totenbanen";"by";"Øvrige";"0";"0";"";"places/by/innlandet/lena_stasjon_totenbanen/lena_stasjon_totenbanen.json"
"Uten quiz";"Lesekiosk 0 – Sentralen";"lesekiosk_0_sentralen";"litteratur";"Oslo";"0";"0";"";"places/litteratur/oslo/lesekiosk/lesekiosk_0_sentralen.json"
"Uten quiz";"Lesekiosk 1 – Solli plass";"lesekiosk_1_solli_plass";"litteratur";"Oslo";"0";"0";"";"places/litteratur/oslo/lesekiosk/lesekiosk_1_solli_plass.json"
"Uten quiz";"Lesekiosk 10 – Bjerke";"lesekiosk_10_refstadsvingen";"litteratur";"Oslo";"0";"0";"";"places/litteratur/oslo/lesekiosk/lesekiosk_10_refstadsvingen.json"
"Uten quiz";"Lesekiosk 11 – Gamle Telemuseet";"lesekiosk_11_kjelsasveien_141";"litteratur";"Oslo";"0";"0";"";"places/litteratur/oslo/lesekiosk/lesekiosk_11_kjelsasveien_141.json"
"Uten quiz";"Lesekiosk 13 – Fagerborg/Majorstua";"lesekiosk_13_jacob_aalls_gate_58";"litteratur";"Oslo";"0";"0";"";"places/litteratur/oslo/lesekiosk/lesekiosk_13_jacob_aalls_gate_58.json"
"Uten quiz";"Lesekiosk 22 – Vigelandsparken";"lesekiosk_22_vigelandsparken";"litteratur";"Oslo";"0";"0";"";"places/litteratur/oslo/lesekiosk/lesekiosk_22_vigelandsparken.json"
"Uten quiz";"Lesekiosk 23 – Skøyen stasjon";"lesekiosk_23_skoyen_stasjon";"litteratur";"Oslo";"0";"0";"";"places/litteratur/oslo/lesekiosk/lesekiosk_23_skoyen_stasjon.json"
"Uten quiz";"Lesekiosk 42 – Munkedamsveien";"lesekiosk_42_munkedamsveien";"litteratur";"Oslo";"0";"0";"";"places/litteratur/oslo/lesekiosk/lesekiosk_42_munkedamsveien.json"
"Uten quiz";"Lesekiosk 48 – Vålerenga kirke";"lesekiosk_48_valerenga_kirke";"litteratur";"Oslo";"0";"0";"";"places/litteratur/oslo/lesekiosk/lesekiosk_48_valerenga_kirke.json"
"Uten quiz";"Lesekiosk 50 – Bislett stadion";"lesekiosk_50_bislett_stadion";"litteratur";"Oslo";"0";"0";"";"places/litteratur/oslo/lesekiosk/lesekiosk_50_bislett_stadion.json"
"Uten quiz";"Lesekiosk 51 – Kampen";"lesekiosk_51_skedsmogata_20";"litteratur";"Oslo";"0";"0";"";"places/litteratur/oslo/lesekiosk/lesekiosk_51_skedsmogata_20.json"
"Uten quiz";"Lesekiosk 56 – John Colletts plass";"lesekiosk_56_vestgrensa_2";"litteratur";"Oslo";"0";"0";"";"places/litteratur/oslo/lesekiosk/lesekiosk_56_vestgrensa_2.json"
"Uten quiz";"Lesekiosk 70 – Sagene kirke";"lesekiosk_70_sagene_kirke";"litteratur";"Oslo";"0";"0";"";"places/litteratur/oslo/lesekiosk/lesekiosk_70_sagene_kirke.json"
"Uten quiz";"Lesekiosk 71 – Sagene kirke";"lesekiosk_71_sagene_kirke";"litteratur";"Oslo";"0";"0";"";"places/litteratur/oslo/lesekiosk/lesekiosk_71_sagene_kirke.json"
"Uten quiz";"Lesekiosk 74 – Huk";"lesekiosk_74_huk_aveny_35";"litteratur";"Oslo";"0";"0";"";"places/litteratur/oslo/lesekiosk/lesekiosk_74_huk_aveny_35.json"
"Uten quiz";"Lesekiosk 76 – Hjemmets kolonihager";"lesekiosk_76_hjemmets_kolonihager";"litteratur";"Oslo";"0";"0";"";"places/litteratur/oslo/lesekiosk/lesekiosk_76_hjemmets_kolonihager.json"
"Uten quiz";"Lesekiosk 78 – Olav Kyrres plass";"lesekiosk_78_olav_kyrres_plass";"litteratur";"Oslo";"0";"0";"";"places/litteratur/oslo/lesekiosk/lesekiosk_78_olav_kyrres_plass.json"
"Uten quiz";"Lesekiosk 79 – Inkognitogata";"lesekiosk_79_inkognitogata";"litteratur";"Oslo";"0";"0";"";"places/litteratur/oslo/lesekiosk/lesekiosk_79_inkognitogata.json"
"Uten quiz";"Lesekiosk 8 – Rådhusgata 28";"lesekiosk_8_radhusgata_28";"litteratur";"Oslo";"0";"0";"";"places/litteratur/oslo/lesekiosk/lesekiosk_8_radhusgata_28.json"
"Uten quiz";"Lesekiosk 80 – Majorstukrysset";"lesekiosk_80_majorstukrysset";"litteratur";"Oslo";"0";"0";"";"places/litteratur/oslo/lesekiosk/lesekiosk_80_majorstukrysset.json"
"Uten quiz";"Lesekiosk 9 – Rådhuskaia";"lesekiosk_9_akershusstranda_3";"litteratur";"Oslo";"0";"0";"";"places/litteratur/oslo/lesekiosk/lesekiosk_9_akershusstranda_3.json"
"Uten quiz";"Lesja bygdemuseum";"lesja_bygdemuseum";"historie";"Øvrige";"0";"0";"";"places/historie/innlandet/places_historie_innlandet_batch3/lesja_bygdemuseum.json"
"Uten quiz";"Lesja kirke";"lesja_kirke";"religion";"Øvrige";"0";"0";"";"places/historie/innlandet/places_historie_innlandet_batch6/lesja_kirke.json"
"Uten quiz";"Lier Bygdetun";"lier_bygdetun";"historie";"Øvrige";"0";"0";"";"places/historie/buskerud/places_historie_buskerud_batch2/lier_bygdetun.json"
"Uten quiz";"Lier sykehus / historisk område";"lier_sykehus_historisk_omrade";"historie";"Øvrige";"0";"0";"";"places/historie/buskerud/places_historie_buskerud_batch6/lier_sykehus_historisk_omrade.json"
"Uten quiz";"Lille Scene";"lille_scene_sandvika";"scenekunst";"Øvrige";"0";"0";"";"places/scenekunst/akershus/lille_scene_sandvika/lille_scene_sandvika.json"
"Uten quiz";"Lille Wembley";"trosterud_friomrade";"natur";"Oslo";"0";"0";"";"places/natur/oslo/places_oslo_alna/trosterud_friomrade.json"
"Med quiz";"Lilleborg Fabrikker";"lilleborg_fabrikker";"naeringsliv";"Oslo";"2";"2";"data/quiz/naeringsliv/lilleborg_fabrikker_sets.json | data/quiz/naeringsliv/lilleborg_fabrikker_sets_merged.json";"places/naeringsliv/oslo/places_naeringsliv/lilleborg_fabrikker.json"
"Uten quiz";"Lillehammer bryggeri / historisk industrimiljø";"lillehammer_bryggeri_historisk_miljo";"naeringsliv";"Øvrige";"0";"0";"";"places/naeringsliv/innlandet/lillehammer_bryggeri_historisk_miljo/lillehammer_bryggeri_historisk_miljo.json"
"Uten quiz";"Lillehammer kirke";"lillehammer_kirke";"religion";"Øvrige";"0";"0";"";"places/historie/innlandet/places_historie_innlandet_batch13/lillehammer_kirke.json"
"Uten quiz";"Lillehammer stasjon";"lillehammer_stasjon";"by";"Øvrige";"0";"0";"";"places/by/innlandet/lillehammer_stasjon/lillehammer_stasjon.json"
"Uten quiz";"Lillesand by- og sjøfartsmuseum";"lillesand_by_og_sjofartsmuseum";"historie";"Øvrige";"0";"0";"";"places/historie/agder/lillesand_by_og_sjofartsmuseum/lillesand_by_og_sjofartsmuseum.json"
"Uten quiz";"Lillesand byhistorie og havn";"lillesand_byhistorie_og_havn";"by";"Øvrige";"0";"0";"";"places/by/agder/lillesand_byhistorie_og_havn/lillesand_byhistorie_og_havn.json"
"Uten quiz";"Lillesand–Flaksvandbanen";"lillesand_flaksvandbanen";"by";"Øvrige";"0";"0";"";"places/by/agder/lillesand_flaksvandbanen/lillesand_flaksvandbanen.json"
"Uten quiz";"Lillomarka";"lillomarka";"natur";"Oslo";"0";"0";"";"places/natur/oslo/lillomarka.json"
"Uten quiz";"Lindeberg gjenvinningsstasjon";"lindeberg_gjenvinningsstasjon";"natur";"Oslo";"0";"0";"";"places/natur/oslo/miljo_gjenbruk/lindeberg_gjenvinningsstasjon.json"
"Uten quiz";"Lindebergåsen miljøstasjon";"lindebergasen_miljostasjon";"natur";"Oslo";"0";"0";"";"places/natur/oslo/miljo_gjenbruk/lindebergasen_miljostasjon.json"
"Uten quiz";"Lindesnes bygdemuseum";"lindesnes_bygdemuseum";"historie";"Øvrige";"0";"0";"";"places/historie/agder/lindesnes_bygdemuseum/lindesnes_bygdemuseum.json"
"Uten quiz";"Lindesnes fyr";"lindesnes_fyr";"by";"Øvrige";"0";"0";"";"places/by/agder/lindesnes_fyr/lindesnes_fyr.json"
"Uten quiz";"Lindøya";"lindoya";"by";"Oslo";"0";"0";"";"places/by/oslo/places/lindoya.json"
"Uten quiz";"Lindøya miljøstasjon";"lindoya_miljostasjon";"natur";"Oslo";"0";"0";"";"places/natur/oslo/miljo_gjenbruk/lindoya_miljostasjon.json"
"Med quiz";"Lisboa";"lisbon_city";"by";"Lisboa";"6";"1";"data/quiz/by/lisbon_city_sets.json";"places/by/europe/portugal/lisbon/places_lisbon_by/lisbon_city.json"
"Uten quiz";"Lista flystasjon Farsund";"lista_flystasjon_farsund";"by";"Øvrige";"0";"0";"";"places/by/agder/lista_flystasjon_farsund/lista_flystasjon_farsund.json"
"Uten quiz";"Lista fyr";"lista_fyr";"by";"Øvrige";"0";"0";"";"places/by/agder/lista_fyr/lista_fyr.json"
"Uten quiz";"Lista Museum Vanse";"lista_museum_vanse";"historie";"Øvrige";"0";"0";"";"places/historie/agder/lista_museum_vanse/lista_museum_vanse.json"
"Uten quiz";"Litledalen kraftverk";"litledalen_kraftverk";"naeringsliv";"Øvrige";"0";"0";"";"places/naeringsliv/vestland/etne/litledalen_kraftverk/litledalen_kraftverk.json"
"Med quiz";"Litteraturhuset";"litteraturhuset";"litteratur";"Oslo";"8";"1";"data/quiz/litteratur/litteraturhuset_sets.json";"places/litteratur/oslo/places_litteratur/litteraturhuset.json"
"Uten quiz";"Livraria Bertrand (Chiado)";"lisbon_livraria_bertrand";"litteratur";"Lisboa";"0";"0";"";"places/litteratur/europe/portugal/lisbon/places_lisbon_litteratur/lisbon_livraria_bertrand.json"
"Uten quiz";"Ljanselva";"ljanselva";"natur";"Oslo";"0";"0";"";"places/natur/oslo/places_oslo_natur_hovedsteder/ljanselva.json"
"Uten quiz";"Ljanselva – utløp i Fiskevollbukta";"ljanselva_bunnefjorden";"natur";"Oslo";"0";"0";"";"places/natur/oslo/places_oslo_natur_ljanselva_rute/ljanselva_bunnefjorden.json"
"Uten quiz";"Ljanselva ved Fiskevollen";"ljanselva_fiskevollen";"natur";"Oslo";"0";"0";"";"places/natur/oslo/places_oslo_natur_ljanselva_rute/ljanselva_fiskevollen.json"
"Uten quiz";"Ljanselva ved Hauketo";"ljanselva_hauketo";"natur";"Oslo";"0";"0";"";"places/natur/oslo/places_oslo_natur_ljanselva_rute/ljanselva_hauketo.json"
"Uten quiz";"Ljanselva ved Ljan";"ljanselva_ljan";"natur";"Oslo";"0";"0";"";"places/natur/oslo/places_oslo_natur_ljanselva_rute/ljanselva_ljan.json"
"Uten quiz";"Ljanselva ved Skullerud";"ljanselva_skullerud";"natur";"Oslo";"0";"0";"";"places/natur/oslo/places_oslo_natur_ljanselva_rute/ljanselva_skullerud.json"
"Med quiz";"Lodalen jernbaneverksted";"jernbaneverkstedet_lodalen";"naeringsliv";"Oslo";"5";"1";"data/quiz/naeringsliv/jernbaneverkstedet_lodalen_sets_merged.json";"places/naeringsliv/oslo/places_naeringsliv/jernbaneverkstedet_lodalen.json"
"Uten quiz";"Loftus Road";"loftus_road_london";"sport";"Øvrige";"0";"0";"";"places/sport/europa/england/footballgrounds_london/loftus_road_london.json"
"Uten quiz";"Lokomotivverkstedet";"lokomotivverkstedet";"historie";"Oslo";"0";"0";"";"places/historie/oslo/places_historie_oslo_kultureiendommer_batch_10/lokomotivverkstedet.json"
"Uten quiz";"Lom bygdamuseum / Presthaugen";"lom_bygdamuseum_presthaugen";"historie";"Øvrige";"0";"0";"";"places/historie/innlandet/places_historie_innlandet_batch8/lom_bygdamuseum_presthaugen.json"
"Uten quiz";"Lom stavkirke";"lom_stavkirke";"religion";"Øvrige";"0";"0";"";"places/historie/innlandet/places_historie_innlandet_batch1/lom_stavkirke.json"
"Uten quiz";"Lomen stavkirke";"lomen_stavkirke";"religion";"Øvrige";"0";"0";"";"places/historie/innlandet/places_historie_innlandet_batch5/lomen_stavkirke.json"
"Uten quiz";"London Stadium";"london_stadium_london";"sport";"Øvrige";"0";"0";"";"places/sport/europa/england/footballgrounds_london/london_stadium_london.json"
"Uten quiz";"Losby Gods";"losby_gods";"historie";"Øvrige";"0";"0";"";"places/historie/akershus/places_historie_akershus_batch4/losby_gods.json"
"Uten quiz";"Losæter";"losaeter";"by";"Oslo";"0";"0";"";"places/by/oslo/places/losaeter.json"
"Uten quiz";"Lund batteri Kristiansand";"lund_batteri_kristiansand";"historie";"Øvrige";"0";"0";"";"places/historie/agder/lund_batteri_kristiansand/lund_batteri_kristiansand.json"
"Uten quiz";"Lunde sluse / Telemarkskanalen";"lunde_sluse_telemarkskanalen";"by";"Øvrige";"0";"0";"";"places/by/telemark/lunde_sluse_telemarkskanalen/lunde_sluse_telemarkskanalen.json"
"Uten quiz";"Lunner kirke";"lunner_kirke";"religion";"Øvrige";"0";"0";"";"places/historie/akershus/places_historie_akershus_batch4/lunner_kirke.json"
"Uten quiz";"Lusa – Agência de Notícias de Portugal";"lisbon_lusa";"media";"Lisboa";"0";"0";"";"places/media/europe/portugal/lisbon/places_lisbon_media/lisbon_lusa.json"
"Uten quiz";"LX Factory";"lisbon_lx_factory";"naeringsliv";"Lisboa";"0";"0";"";"places/naeringsliv/europe/portugal/lisbon/places_lisbon_naeringsliv/lisbon_lx_factory.json"
"Uten quiz";"Lyngdal kirke";"lyngdal_kirke";"religion";"Øvrige";"0";"0";"";"places/historie/agder/lyngdal_kirke/lyngdal_kirke.json"
"Uten quiz";"Lyngør uthavn Tvedestrand";"lyngor_uthavn_tvedestrand";"by";"Øvrige";"0";"0";"";"places/by/agder/lyngor_uthavn_tvedestrand/lyngor_uthavn_tvedestrand.json"
"Uten quiz";"Lyngåsbanen (historisk)";"lyngasbanen";"sport";"Øvrige";"0";"0";"";"places/sport/europa/norway/places_motorsport_ostlandet/lyngasbanen.json"
"Uten quiz";"Løiten Brænderi";"loiten_braenderi";"naeringsliv";"Øvrige";"0";"0";"";"places/naeringsliv/innlandet/loiten_braenderi/loiten_braenderi.json"
"Uten quiz";"Lågdalsmuseet";"laagdalsmuseet";"historie";"Øvrige";"0";"0";"";"places/historie/buskerud/places_historie_buskerud_batch4/laagdalsmuseet.json"
"Uten quiz";"MAC/CCB (tidligere Museu Coleção Berardo)";"lisbon_mac_ccb_berardo";"kunst";"Lisboa";"0";"0";"";"places/kunst/europe/portugal/lisbon/places_lisbon_kunst/lisbon_mac_ccb_berardo.json"
"Uten quiz";"Magistratgården";"magistratgarden";"historie";"Oslo";"0";"0";"";"places/historie/oslo/places_historie_oslo_kultureiendommer_batch_02/magistratgarden.json"
"Uten quiz";"Magnor Glassverk";"magnor_glassverk";"naeringsliv";"Øvrige";"0";"0";"";"places/naeringsliv/innlandet/magnor_glassverk/magnor_glassverk.json"
"Uten quiz";"Maihaugen";"maihaugen_lillehammer";"historie";"Øvrige";"0";"0";"";"places/historie/innlandet/places_historie_innlandet_batch1/maihaugen_lillehammer.json"
"Med quiz";"Majorstuen krysset";"majorstuen_krysset";"by";"Oslo";"1";"1";"data/quiz/by/majorstua_sets.json";"places/by/oslo/places/majorstuen_krysset.json"
"Uten quiz";"Majorstuen T-banestasjon";"majorstuen_tbanestasjon";"by";"Oslo";"0";"0";"";"places/by/oslo/places/majorstuen_tbanestasjon.json"
"Uten quiz";"Malmøya";"malmoya";"natur";"Oslo";"0";"0";"";"places/natur/oslo/malmoya.json"
"Uten quiz";"Mandal kirke / byhistorie";"mandal_kirke_byhistorie";"religion";"Øvrige";"0";"0";"";"places/by/agder/mandal_kirke_byhistorie/mandal_kirke_byhistorie.json"
"Uten quiz";"Mandal Museum / Andorsengården";"mandal_museum_andorsengarden";"historie";"Øvrige";"0";"0";"";"places/historie/agder/mandal_museum_andorsengarden/mandal_museum_andorsengarden.json"
"Med quiz";"Manglerudhallen";"manglerudhallen";"sport";"Øvrige";"1";"1";"data/quiz/sport/manglerudhallen_sets.json";"places/sport/europa/norway/oslo_sport/manglerudhallen.json"
"Uten quiz";"Marchas Populares de Lisboa";"lisbon_marchas_populares";"scenekunst";"Lisboa";"0";"0";"";"places/scenekunst/europe/portugal/lisbon/lisbon_marchas_populares.json"
"Uten quiz";"Mariakirken-ruinen";"mariakirken_ruin_oslo";"historie";"Oslo";"0";"0";"";"places/historie/oslo/places_historie/mariakirken_ruin_oslo.json"
"Uten quiz";"Maridalsvannet";"maridalsvannet";"natur";"Oslo";"0";"0";"";"places/natur/oslo/places_oslo_natur_hovedsteder/maridalsvannet.json"
"Uten quiz";"Marinemuseet Horten";"marinemuseet_horten";"historie";"Øvrige";"0";"0";"";"places/historie/vestfold/places_historie_vestfold_batch5/marinemuseet_horten.json"
"Med quiz";"Markveien";"markveien";"by";"Oslo";"1";"1";"data/quiz/by/markveien_sets.json";"places/by/oslo/places/markveien.json"
"Med quiz";"Martim Moniz–Mouraria-aksen";"lisbon_martim_moniz_mouraria_axis";"by";"Lisboa";"6";"1";"data/quiz/by/lisbon_martim_moniz_mouraria_axis_sets.json";"places/by/europe/portugal/lisbon/places_lisbon_by/lisbon_martim_moniz_mouraria_axis.json"
"Uten quiz";"Matfellesskap St. Petri";"matfellesskap_st_petri_stavanger";"subkultur";"Øvrige";"0";"0";"";"places/subkultur/rogaland/matfellesskap_st_petri_stavanger/matfellesskap_st_petri_stavanger.json"
"Uten quiz";"Matrand / slagsted 1814";"matrand_slagsted_1814";"historie";"Øvrige";"0";"0";"";"places/historie/innlandet/places_historie_innlandet_batch5/matrand_slagsted_1814.json"
"Uten quiz";"Melsomvik verft";"melsomvik_verft";"naeringsliv";"Øvrige";"0";"0";"";"places/naeringsliv/vestfold/melsomvik_verft/melsomvik_verft.json"
"Uten quiz";"Menstad bru / Menstadslaget";"menstad_bru_menstadslaget";"politikk";"Øvrige";"0";"0";"";"places/politikk/telemark/menstad_bru_menstadslaget/menstad_bru_menstadslaget.json"
"Uten quiz";"Mercado da Ribeira / Time Out Market";"lisbon_mercado_da_ribeira";"naeringsliv";"Lisboa";"0";"0";"";"places/naeringsliv/europe/portugal/lisbon/places_lisbon_naeringsliv/lisbon_mercado_da_ribeira.json"
"Uten quiz";"Mercado de Campo de Ourique";"lisbon_mercado_de_campo_de_ourique";"naeringsliv";"Lisboa";"0";"0";"";"places/naeringsliv/europe/portugal/lisbon/places_lisbon_naeringsliv/lisbon_mercado_de_campo_de_ourique.json"
"Uten quiz";"Merdø uthavn Arendal";"merdo_uthavn_arendal";"by";"Øvrige";"0";"0";"";"places/by/agder/merdo_uthavn_arendal/merdo_uthavn_arendal.json"
"Uten quiz";"Mesna kraft- og industrilandskap";"mesna_kraft_og_industri";"naeringsliv";"Øvrige";"0";"0";"";"places/naeringsliv/innlandet/mesna_kraft_og_industri/mesna_kraft_og_industri.json"
"Med quiz";"Meteorologisk institutt";"meteorologisk_institutt";"vitenskap";"Oslo";"6";"1";"data/quiz/vitenskap/meteorologisk_institutt_sets.json";"places/vitenskap/oslo/places_vitenskap/meteorologisk_institutt.json"
"Med quiz";"Middelalderparken";"middelalder_oslo";"historie";"Oslo";"1";"1";"data/quiz/historie/middelalder_oslo_sets.json";"places/historie/oslo/places_historie/middelalder_oslo.json"
"Uten quiz";"Midgard vikingsenter";"midgard_vikingsenter_horten";"historie";"Øvrige";"0";"0";"";"places/historie/vestfold/places_historie_vestfold_batch7/midgard_vikingsenter_horten.json"
"Uten quiz";"Mikaelskirken på Slottsfjellet";"mikaelskirken_slottsfjellet";"historie";"Øvrige";"0";"0";"";"places/historie/vestfold/places_historie_vestfold_batch1/mikaelskirken_slottsfjellet.json"
"Uten quiz";"Minnehallen Stavern";"minnehallen_stavern";"historie";"Øvrige";"0";"0";"";"places/historie/vestfold/places_historie_vestfold_batch5/minnehallen_stavern.json"
"Uten quiz";"Minneparken";"minneparken_gamlebyen";"historie";"Oslo";"0";"0";"";"places/historie/oslo/places_historie_oslo_kultureiendommer_batch_11/minneparken_gamlebyen.json"
"Uten quiz";"MIR / Grünerløkka Lufthavn";"mir_grunerlokka_lufthavn";"subkultur";"Oslo";"0";"0";"";"places/subkultur/oslo/places_subkultur/mir_grunerlokka_lufthavn.json"
"Uten quiz";"Miradouro da Graça (Sophia de Mello Breyner Andresen)";"lisbon_miradouro_da_graca";"natur";"Lisboa";"0";"0";"";"places/natur/europe/portugal/lisbon/places_lisbon_natur/lisbon_miradouro_da_graca.json"
"Uten quiz";"Miradouro da Senhora do Monte";"lisbon_miradouro_da_senhora_do_monte";"natur";"Lisboa";"0";"0";"";"places/natur/europe/portugal/lisbon/places_lisbon_natur/lisbon_miradouro_da_senhora_do_monte.json"
"Uten quiz";"Miradouro de São Pedro de Alcântara";"lisbon_miradouro_sao_pedro_de_alcantara";"natur";"Lisboa";"0";"0";"";"places/natur/europe/portugal/lisbon/places_lisbon_natur/lisbon_miradouro_sao_pedro_de_alcantara.json"
"Uten quiz";"Mo kyrkje Tokke";"mo_kyrkje_tokke";"religion";"Øvrige";"0";"0";"";"places/historie/telemark/places_historie_telemark_batch7/mo_kyrkje_tokke.json"
"Uten quiz";"MO-senteret Gyldenpris";"mo_senteret_gyldenpris";"subkultur";"Øvrige";"0";"0";"";"places/subkultur/vestland/mo_senteret_gyldenpris/mo_senteret_gyldenpris.json"
"Uten quiz";"Modum Bad / St. Olafs kilde";"modum_bad_st_olafs_kilde";"historie";"Øvrige";"0";"0";"";"places/historie/buskerud/places_historie_buskerud_batch6/modum_bad_st_olafs_kilde.json"
"Uten quiz";"Moelv stasjon / Mjøslinjen";"moelv_stasjon_mjoslinjen";"by";"Øvrige";"0";"0";"";"places/by/innlandet/moelv_stasjon_mjoslinjen/moelv_stasjon_mjoslinjen.json"
"Uten quiz";"Momarken Bilbane";"momarken_bilbane";"sport";"Øvrige";"0";"0";"";"places/sport/europa/norway/places_motorsport_ostlandet/momarken_bilbane.json"
"Uten quiz";"Momarken markedsplass";"momarken_markedsplass";"historie";"Øvrige";"0";"0";"";"places/historie/ostfold/places_historie_ostfold_batch6/momarken_markedsplass.json"
"Uten quiz";"Moreneryggen i Skånevik";"moreneryggen_skanevik";"natur";"Øvrige";"0";"0";"";"places/natur/vestland/etne/moreneryggen_skanevik/moreneryggen_skanevik.json"
"Uten quiz";"Morgedal / Norsk Skieventyr";"morgedal_norsk_skieventyr";"sport";"Øvrige";"0";"0";"";"places/sport/europa/norway/telemark/morgedal_norsk_skieventyr/morgedal_norsk_skieventyr.json"
"Uten quiz";"Mosneselva";"mosneselva_etne";"natur";"Øvrige";"0";"0";"";"places/natur/vestland/etne/mosneselva_etne/mosneselva_etne.json"
"Uten quiz";"Moss Jernverk / Konventionsgården";"moss_jernverk_konventionsgarden";"politikk";"Øvrige";"0";"0";"";"places/politikk/ostfold/moss_jernverk_konventionsgarden/moss_jernverk_konventionsgarden.json"
"Uten quiz";"Mosseveien miljøstasjon";"mosseveien_miljostasjon";"natur";"Oslo";"0";"0";"";"places/natur/oslo/miljo_gjenbruk/mosseveien_miljostasjon.json"
"Uten quiz";"Mosteiro dos Jerónimos";"lisbon_mosteiro_dos_jeronimos";"religion";"Lisboa";"0";"0";"";"places/historie/europe/portugal/lisbon/places_lisbon_historie/lisbon_mosteiro_dos_jeronimos.json"
"Med quiz";"Moster gamle kyrkje";"moster_gamle_kyrkje";"religion";"Øvrige";"1";"1";"data/quiz/historie/places_historie_norge_for_1500_batch_01_sets.json";"places/historie/norge/places_historie_norge_for_1500_batch1/moster_gamle_kyrkje.json"
"Med quiz";"Mouraria / fado";"lisbon_mouraria_fado";"musikk";"Lisboa";"5";"1";"data/quiz/musikk/Lisboa/lisbon_mouraria_fado_sets_merged.json";"places/musikk/europe/portugal/lisbon/places_lisbon_musikk/lisbon_mouraria_fado.json"
"Uten quiz";"MUDE – Museu do Design e da Moda";"lisbon_mude";"kunst";"Lisboa";"0";"0";"";"places/kunst/europe/portugal/lisbon/places_lisbon_kunst/lisbon_mude.json"
"Med quiz";"MUNCH";"munch_museet";"kunst";"Oslo";"1";"1";"data/quiz/kunst/munch_museet_sets.json";"places/kunst/oslo/places_kunst/munch_museet.json"
"Med quiz";"Munkeliv kloster på Nordnes";"munkeliv_kloster";"historie";"Øvrige";"1";"1";"data/quiz/historie/places_historie_norge_for_1500_batch_02_sets.json";"places/historie/norge/places_historie_norge_for_1500_batch2/munkeliv_kloster.json"
"Uten quiz";"Munkerud miljøstasjon";"munkerud_miljostasjon";"natur";"Oslo";"0";"0";"";"places/natur/oslo/miljo_gjenbruk/munkerud_miljostasjon.json"
"Uten quiz";"Museu Arpad Szenes – Vieira da Silva";"lisbon_museu_arpad_szenes_vieira_da_silva";"kunst";"Lisboa";"0";"0";"";"places/kunst/europe/portugal/lisbon/places_lisbon_kunst/lisbon_museu_arpad_szenes_vieira_da_silva.json"
"Uten quiz";"Museu Bordalo Pinheiro";"lisbon_museu_bordalo_pinheiro";"kunst";"Lisboa";"0";"0";"";"places/kunst/europe/portugal/lisbon/places_lisbon_kunst/lisbon_museu_bordalo_pinheiro.json"
"Uten quiz";"Museu de Lisboa (Palácio Pimenta)";"lisbon_museu_de_lisboa";"historie";"Lisboa";"0";"0";"";"places/historie/europe/portugal/lisbon/places_lisbon_historie/lisbon_museu_de_lisboa.json"
"Uten quiz";"Museu de Marinha";"lisbon_museu_de_marinha";"historie";"Lisboa";"0";"0";"";"places/historie/europe/portugal/lisbon/places_lisbon_historie/lisbon_museu_de_marinha.json"
"Uten quiz";"Museu do Aljube – Resistência e Liberdade";"lisbon_museu_do_aljube";"historie";"Lisboa";"0";"0";"";"places/historie/europe/portugal/lisbon/places_lisbon_historie/lisbon_museu_do_aljube.json"
"Med quiz";"Museu do Fado";"lisbon_museu_do_fado";"musikk";"Lisboa";"5";"1";"data/quiz/musikk/Lisboa/museu_fado.json";"places/musikk/europe/portugal/lisbon/places_lisbon_musikk/lisbon_museu_do_fado.json"
"Uten quiz";"Museu do Oriente";"lisbon_museu_do_oriente";"historie";"Lisboa";"0";"0";"";"places/kunst/europe/portugal/lisbon/places_lisbon_kunst/lisbon_museu_do_oriente.json"
"Uten quiz";"Museu Nacional de Arte Antiga";"lisbon_museu_nacional_de_arte_antiga";"kunst";"Lisboa";"0";"0";"";"places/kunst/europe/portugal/lisbon/places_lisbon_kunst/lisbon_museu_nacional_de_arte_antiga.json"
"Uten quiz";"Museu Nacional de Arte Contemporânea do Chiado";"lisbon_museu_nacional_de_arte_contemporanea_do_chiado";"kunst";"Lisboa";"0";"0";"";"places/kunst/europe/portugal/lisbon/places_lisbon_kunst/lisbon_museu_nacional_de_arte_contemporanea_do_chiado.json"
"Uten quiz";"Museu Nacional de História Natural e da Ciência";"lisbon_museu_nacional_de_historia_natural_e_da_ciencia";"vitenskap";"Lisboa";"0";"0";"";"places/vitenskap/europe/portugal/lisbon/places_lisbon_vitenskap/lisbon_museu_nacional_de_historia_natural_e_da_ciencia.json"
"Uten quiz";"Museu Nacional do Azulejo";"lisbon_museu_nacional_do_azulejo";"kunst";"Lisboa";"0";"0";"";"places/kunst/europe/portugal/lisbon/places_lisbon_kunst/lisbon_museu_nacional_do_azulejo.json"
"Uten quiz";"Museu Nacional dos Coches";"lisbon_museu_nacional_dos_coches";"historie";"Lisboa";"0";"0";"";"places/historie/europe/portugal/lisbon/places_lisbon_historie/lisbon_museu_nacional_dos_coches.json"
"Uten quiz";"Museumsleiligheten Gråbein";"museumsleiligheten_grabein";"historie";"Oslo";"0";"0";"";"places/historie/oslo/places_historie/museumsleiligheten_grabein.json"
"Uten quiz";"Musicbox Lisboa";"lisbon_musicbox";"subkultur";"Lisboa";"0";"0";"";"places/subkultur/europe/portugal/lisbon/places_lisbon_subkultur/lisbon_musicbox.json"
"Uten quiz";"Musikkpaviljongen i Doktorhagen";"musikkpaviljongen_doktorhagen";"musikk";"Øvrige";"0";"0";"";"places/kunst/vestland/etne/musikkpaviljongen_doktorhagen/musikkpaviljongen_doktorhagen.json"
"Uten quiz";"Mustad / Hunnselva industrimiljø";"mustad_hunnselva_gjovik";"naeringsliv";"Øvrige";"0";"0";"";"places/naeringsliv/innlandet/mustad_hunnselva_gjovik/mustad_hunnselva_gjovik.json"
"Uten quiz";"Mustadgården – Kongens gate 3";"mustadgarden_kongens_gate_3";"historie";"Oslo";"0";"0";"";"places/historie/oslo/places_historie_oslo_oppdag_kvadraturen_art_sites_batch_01/mustadgarden_kongens_gate_3.json"
"Uten quiz";"Mykland kirke Froland";"mykland_kirke_froland";"religion";"Øvrige";"0";"0";"";"places/historie/agder/mykland_kirke_froland/mykland_kirke_froland.json"
"Med quiz";"Myntgatakvartalet";"myntgatakvartalet";"historie";"Oslo";"4";"1";"data/quiz/historie/myntgatakvartalet_sets.json";"places/historie/oslo/places_historie_oslo_oppdag_kvadraturen_batch_02/myntgatakvartalet.json"
"Med quiz";"Myraløkka";"myralokka";"natur";"Oslo";"6";"1";"data/quiz/natur/myralokka_sets.json";"places/natur/oslo/places_oslo_natur_akerselvarute/myralokka.json"
"Med quiz";"Myrens Verksted";"myrens_verksted";"naeringsliv";"Oslo";"2";"2";"data/quiz/naeringsliv/myrens_verksted_sets.json | data/quiz/naeringsliv/myrens_verksted_sets_merged.json";"places/naeringsliv/oslo/places_naeringsliv/myrens_verksted.json"
"Uten quiz";"Mæl stasjon / Rjukanbanen";"mael_stasjon_rjukanbanen";"by";"Øvrige";"0";"0";"";"places/by/telemark/mael_stasjon_rjukanbanen/mael_stasjon_rjukanbanen.json"
"Uten quiz";"Mærradalen";"maerradalen";"natur";"Oslo";"0";"0";"";"places/natur/oslo/places_oslo_natur_hovedsteder/maerradalen.json"
"Uten quiz";"Mølen gravrøyser";"molen_brunlanes_gravroysfelt";"historie";"Øvrige";"0";"0";"";"places/historie/vestfold/places_historie_vestfold_batch2/molen_brunlanes_gravroysfelt.json"
"Uten quiz";"Møllebyen / Moss by- og industrimuseum";"moss_mollebyen_industri";"naeringsliv";"Øvrige";"0";"0";"";"places/naeringsliv/ostfold/moss_mollebyen_industri/moss_mollebyen_industri.json"
"Med quiz";"Møllergata 19";"mollergata_19";"historie";"Oslo";"1";"1";"data/quiz/historie/mollergata_19_sets.json";"places/historie/oslo/places_historie/mollergata_19.json"
"Med quiz";"Møllergata skole";"mollergata_skole";"historie";"Oslo";"1";"1";"data/quiz/historie/mollergata_skole_sets.json";"places/historie/oslo/places_historie/mollergata_skole.json"
"Uten quiz";"Møtestedet – Tollbugata";"motestedet_tollbugata";"subkultur";"Oslo";"0";"0";"";"places/subkultur/oslo/places_subkultur/motestedet_tollbugata.json"
"Uten quiz";"Møvik fort / Kristiansand kanonmuseum";"mollenborg_kanonmuseum_kristiansand";"historie";"Øvrige";"0";"0";"";"places/historie/agder/places_historie_agder_batch2/mollenborg_kanonmuseum_kristiansand.json"
"Uten quiz";"MAAT / Tejo-kraftstasjonen";"lisbon_maat";"kunst";"Lisboa";"0";"0";"";"places/kunst/europe/portugal/lisbon/places_lisbon_kunst/lisbon_maat.json"
"Uten quiz";"Nadheim";"nadheim_oslo";"subkultur";"Oslo";"0";"0";"";"places/subkultur/oslo/places_subkultur/nadheim_oslo.json"
"Uten quiz";"NAF Gokartsenter Andebu (Håsken)";"naf_gokartsenter_andebu";"sport";"Øvrige";"0";"0";"";"places/sport/europa/norway/places_motorsport_ostlandet/naf_gokartsenter_andebu.json"
"Uten quiz";"Nakholmen";"nakholmen";"by";"Oslo";"0";"0";"";"places/by/oslo/places/nakholmen.json"
"Uten quiz";"Nannestad bygdemuseum";"nannestad_bygdemuseum";"historie";"Øvrige";"0";"0";"";"places/historie/akershus/places_historie_akershus_batch5/nannestad_bygdemuseum.json"
"Uten quiz";"Narvik";"narvik";"by";"Øvrige";"0";"0";"";"places/by/nordland/narvik/narvik.json"
"Uten quiz";"Nasjonal forskingsplattform i Etneelva";"etneelva_forskningsplattform";"vitenskap";"Øvrige";"0";"0";"";"places/vitenskap/vestland/etne/etneelva_forskningsplattform/etneelva_forskningsplattform.json"
"Uten quiz";"Nasjonalbiblioteket";"nasjonalbiblioteket";"litteratur";"Oslo";"0";"0";"";"places/litteratur/oslo/places_litteratur/nasjonalbiblioteket.json"
"Med quiz";"Nasjonalmuseet";"nasjonalmuseet";"kunst";"Oslo";"6";"1";"data/quiz/kunst/nasjonalmuseet_sets.json";"places/kunst/oslo/places_kunst/nasjonalmuseet.json"
"Med quiz";"Nationaltheatret";"nationaltheatret";"scenekunst";"Oslo";"5";"1";"data/quiz/litteratur/nationaltheatret_sets_merged.json";"places/scenekunst/oslo/places_scenekunst/nationaltheatret.json"
"Uten quiz";"Nationaltheatret stasjon";"nationaltheatret_stasjon";"by";"Oslo";"0";"0";"";"places/by/oslo/places/nationaltheatret_stasjon.json"
"Uten quiz";"Naturhistorisk museum";"naturhistorisk_museum";"vitenskap";"Oslo";"0";"0";"";"places/vitenskap/oslo/places_vitenskap/naturhistorisk_museum.json"
"Med quiz";"Nedre Foss";"nedre_foss";"historie";"Oslo";"1";"1";"data/quiz/historie/nedre_foss_sets.json";"places/natur/oslo/places_oslo_natur_akerselvarute/nedre_foss.json"
"Uten quiz";"Nedre Hellerud – historisk gårdssted";"hellerud_gard";"historie";"Oslo";"0";"0";"";"places/natur/oslo/places_oslo_alna/hellerud_gard.json"
"Uten quiz";"Nelaug stasjon Åmli";"nelaug_stasjon_amli";"by";"Øvrige";"0";"0";"";"places/by/agder/nelaug_stasjon_amli/nelaug_stasjon_amli.json"
"Uten quiz";"Nes Jernverk Tvedestrand";"nes_jernverk_tvedestrand";"naeringsliv";"Øvrige";"0";"0";"";"places/naeringsliv/agder/nes_jernverk_tvedestrand/nes_jernverk_tvedestrand.json"
"Uten quiz";"Nes kirke Ringsaker";"nes_kirke_ringsaker";"religion";"Øvrige";"0";"0";"";"places/historie/innlandet/places_historie_innlandet_batch13/nes_kirke_ringsaker.json"
"Uten quiz";"Nes kirkeruiner";"nes_kirkeruiner";"historie";"Øvrige";"0";"0";"";"places/historie/akershus/places_historie_akershus_batch1/nes_kirkeruiner.json"
"Uten quiz";"Nes lensemuseum";"nes_lensemuseum";"historie";"Øvrige";"0";"0";"";"places/historie/ostfold/places_historie_ostfold_batch6/nes_lensemuseum.json"
"Med quiz";"Nesjarhaugen";"nesjarhaugen_byrkjenes";"historie";"Øvrige";"1";"1";"data/quiz/historie/nesjarhaugen_byrkjenes_sets.json";"places/historie/vestland/etne/nesjarhaugen_byrkjenes.json"
"Uten quiz";"Nesodden kirke";"nesodden_kirke";"religion";"Øvrige";"0";"0";"";"places/historie/akershus/places_historie_akershus_batch4/nesodden_kirke.json"
"Uten quiz";"Nic Waals Institutt";"nic_waals_institutt";"psykologi";"Oslo";"0";"0";"";"places/psykologi/oslo/places_psykologi/nic_waals_institutt.json"
"Med quiz";"Nidarosdomen";"nidarosdomen";"religion";"Øvrige";"1";"1";"data/quiz/historie/places_historie_norge_for_1500_batch_01_sets.json";"places/historie/norge/places_historie_norge_for_1500_batch1/nidarosdomen.json"
"Uten quiz";"Nissedal kyrkje";"nissedal_kyrkje";"religion";"Øvrige";"0";"0";"";"places/historie/telemark/places_historie_telemark_batch5/nissedal_kyrkje.json"
"Uten quiz";"NKVTS – Nasjonalt kunnskapssenter om vold og traumatisk stress";"nkvts_nydalen";"psykologi";"Oslo";"0";"0";"";"places/psykologi/oslo/places_psykologi/nkvts_nydalen.json"
"Uten quiz";"Nobelinstituttet";"nobelinstituttet";"vitenskap";"Oslo";"0";"0";"";"places/vitenskap/oslo/places_vitenskap_historiske_institusjoner/nobelinstituttet.json"
"Uten quiz";"Nobels Fredssenter";"nobels_fredssenter";"historie";"Oslo";"0";"0";"";"places/historie/oslo/places_historie/nobels_fredssenter.json"
"Med quiz";"Nonneseter kloster";"nonneseter_kloster";"historie";"Oslo";"1";"1";"data/quiz/historie/nonneseter_kloster_sets.json";"places/historie/oslo/places_historie_added_batch_01/nonneseter_kloster.json"
"Uten quiz";"Nord-Odal bygdetun / Sand";"nord_odal_bygdetun_sand";"historie";"Øvrige";"0";"0";"";"places/historie/innlandet/places_historie_innlandet_batch10/nord_odal_bygdetun_sand.json"
"Uten quiz";"Nordberg fort";"nordberg_fort";"historie";"Øvrige";"0";"0";"";"places/historie/innlandet/places_historie_innlandet_batch8/nordberg_fort.json"
"Uten quiz";"Nordberg fort Lista";"nordberg_fort_lista";"historie";"Øvrige";"0";"0";"";"places/historie/agder/nordberg_fort_lista/nordberg_fort_lista.json"
"Uten quiz";"Norderhov gamle prestegård";"norderhov_prestegard_1716";"historie";"Øvrige";"0";"0";"";"places/historie/buskerud/places_historie_buskerud_batch1/norderhov_prestegard_1716.json"
"Uten quiz";"Nordic Black Theatre / Cafeteatret";"nordic_black_theatre_cafeteatret";"scenekunst";"Oslo";"0";"0";"";"places/scenekunst/oslo/places_scenekunst/nordic_black_theatre_cafeteatret.json"
"Uten quiz";"Nordisk Bibelmuseum";"nordisk_bibelmuseum";"historie";"Oslo";"0";"0";"";"places/historie/oslo/places_historie_atlas_obscura_museum_batch_06/nordisk_bibelmuseum.json"
"Uten quiz";"Nordland Teater";"nordland_teater";"scenekunst";"Øvrige";"0";"0";"";"places/scenekunst/nordland/nordland_teater/nordland_teater.json"
"Med quiz";"Nordnes i Bergen";"nordnes_bergen";"by";"Øvrige";"1";"1";"data/quiz/historie/places_historie_norge_for_1500_batch_03_sets.json";"places/by/vestland/nordnes_bergen/nordnes_bergen.json"
"Uten quiz";"Nordre Skøyen hovedgård";"nordre_skoyen_hovedgard";"historie";"Oslo";"0";"0";"";"places/historie/oslo/places_historie_oslo_kultureiendommer_batch_10/nordre_skoyen_hovedgard.json"
"Med quiz";"Nordre Åsen idrettspark";"nordre_aasen_idrettspark";"sport";"Øvrige";"1";"1";"data/quiz/sport/nordre_aasen_idrettspark_sets.json";"places/sport/europa/norway/oslo_sport/nordre_aasen_idrettspark.json"
"Uten quiz";"Nore I kraftverk";"nore_i_kraftverk";"naeringsliv";"Øvrige";"0";"0";"";"places/naeringsliv/buskerud/nore_i_kraftverk/nore_i_kraftverk.json"
"Uten quiz";"Nore stavkirke";"nore_stavkirke";"religion";"Øvrige";"0";"0";"";"places/historie/buskerud/places_historie_buskerud_batch1/nore_stavkirke.json"
"Uten quiz";"Norges Bank – Bankplassen 2";"norges_bank_bankplassen_2";"naeringsliv";"Oslo";"0";"0";"";"places/naeringsliv/oslo/places_naeringsliv_oslo_oppdag_kvadraturen_under_bakken_batch_01/norges_bank_bankplassen_2.json"
"Med quiz";"Norges Bank – Bankplassen 4";"norges_bank_bankplassen_4";"naeringsliv";"Oslo";"1";"1";"data/quiz/naeringsliv/norges_bank_bankplassen_4_sets.json";"places/naeringsliv/oslo/places_naeringsliv_oslo_oppdag_kvadraturen_batch_04/norges_bank_bankplassen_4.json"
"Med quiz";"Norges Hjemmefrontmuseum";"norges_hjemmefrontmuseum";"historie";"Oslo";"5";"1";"data/quiz/historie/norges_hjemmefrontmuseum_sets.json";"places/historie/oslo/places_historie_atlas_obscura_museum_batch_06/norges_hjemmefrontmuseum.json"
"Med quiz";"Norges Varemesse – Sjølystsenteret";"norges_varemesse";"naeringsliv";"Oslo";"5";"1";"data/quiz/naeringsliv/norges_varemesse_sets_merged.json";"places/naeringsliv/oslo/places_naeringsliv/norges_varemesse.json"
"Med quiz";"Norli Universitetsgata";"norli_universitetsgata";"litteratur";"Oslo";"8";"1";"data/quiz/litteratur/norli_universitetsgata_sets.json";"places/litteratur/oslo/places_litteratur/norli_universitetsgata.json"
"Uten quiz";"Norsk Folkemuseum";"norsk_folkemuseum";"historie";"Oslo";"0";"0";"";"places/historie/oslo/places_historie/norsk_folkemuseum.json"
"Uten quiz";"Norsk jernbanemuseum Hamar";"norsk_jernbanemuseum_hamar";"historie";"Øvrige";"0";"0";"";"places/historie/innlandet/places_historie_innlandet_batch2/norsk_jernbanemuseum_hamar.json"
"Uten quiz";"Norsk Maritimt Museum";"norsk_maritimt_museum";"historie";"Oslo";"0";"0";"";"places/historie/oslo/places_historie/norsk_maritimt_museum.json"
"Uten quiz";"Norsk Motormuseum – tidligere SMV-hall";"norsk_motormuseum_skanevik";"naeringsliv";"Øvrige";"0";"0";"";"places/naeringsliv/vestland/etne/norsk_motormuseum_skanevik/norsk_motormuseum_skanevik.json"
"Uten quiz";"Norsk Skogmuseum";"norsk_skogmuseum_elverum";"historie";"Øvrige";"0";"0";"";"places/historie/innlandet/places_historie_innlandet_batch2/norsk_skogmuseum_elverum.json"
"Med quiz";"Norsk Teknisk Museum";"teknisk_museum";"vitenskap";"Oslo";"6";"1";"data/quiz/vitenskap/teknisk_museum_sets.json";"places/vitenskap/oslo/places_vitenskap/teknisk_museum.json"
"Uten quiz";"Norsk utvandrermuseum Ottestad";"norsk_utvandrermuseum_ottestad";"historie";"Øvrige";"0";"0";"";"places/historie/innlandet/places_historie_innlandet_batch3/norsk_utvandrermuseum_ottestad.json"
"Uten quiz";"Norsk vegmuseum";"norsk_vegmuseum_oyer";"historie";"Øvrige";"0";"0";"";"places/historie/innlandet/places_historie_innlandet_batch4/norsk_vegmuseum_oyer.json"
"Uten quiz";"Norske Løve Horten";"norske_love_horten";"historie";"Øvrige";"0";"0";"";"places/historie/vestfold/places_historie_vestfold_batch5/norske_love_horten.json"
"Uten quiz";"Notodden industriarv / Hydro";"notodden_industriarv_hydro";"naeringsliv";"Øvrige";"0";"0";"";"places/naeringsliv/telemark/notodden_industriarv_hydro/notodden_industriarv_hydro.json"
"Uten quiz";"Notodden stasjon / industriarv";"notodden_stasjon_industriarv";"by";"Øvrige";"0";"0";"";"places/by/telemark/notodden_stasjon_industriarv/notodden_stasjon_industriarv.json"
"Med quiz";"NRK-huset på Marienlyst";"nrk_huset_marienlyst";"media";"Oslo";"5";"1";"data/quiz/naeringsliv/nrk_huset_marienlyst_sets_merged.json";"places/media/oslo/places_oslo_media/nrk_huset_marienlyst.json"
"Uten quiz";"Ny-Hellesund uthavn";"ny_hellesund_uthavn_sogne";"by";"Øvrige";"0";"0";"";"places/by/agder/ny_hellesund_uthavn_sogne/ny_hellesund_uthavn_sogne.json"
"Uten quiz";"Nybergsund / Kongens nei";"nybergsund_kongens_nei";"historie";"Øvrige";"0";"0";"";"places/historie/innlandet/places_historie_innlandet_batch4/nybergsund_kongens_nei.json"
"Uten quiz";"Nybrua";"nybrua_vaterlandsparken";"by";"Oslo";"0";"0";"";"places/natur/oslo/places_oslo_natur_akerselvarute/nybrua_vaterlandsparken.json"
"Uten quiz";"Nybrua pilarrom";"nybrua_pilarrom";"subkultur";"Oslo";"0";"0";"";"places/subkultur/oslo/places_subkultur/nybrua_pilarrom.json"
"Med quiz";"Nydalen";"nydalen";"by";"Oslo";"11";"2";"data/quiz/by/nydalen_sets_merged.json | data/quiz/historie/nydalen_industristed_sets.json";"places/by/oslo/places/nydalen.json"
"Med quiz";"Nydalsdammen";"nydalsdammen";"natur";"Oslo";"6";"1";"data/quiz/natur/nydalsdammen_sets.json";"places/natur/oslo/places_oslo_natur_akerselvarute/nydalsdammen.json"
"Uten quiz";"Nygårdsparken";"nygardsparken_bergen";"subkultur";"Øvrige";"0";"0";"";"places/subkultur/vestland/nygardsparken_bergen/nygardsparken_bergen.json"
"Uten quiz";"Nøklevann";"noklevann";"natur";"Oslo";"0";"0";"";"places/natur/oslo/places_oslo_natur_hovedsteder/noklevann.json"
"Uten quiz";"Nøklevann – utløp mot Skraperudbekken";"noklevann_ljanselva_start";"natur";"Oslo";"0";"0";"";"places/natur/oslo/places_oslo_natur_ljanselva_rute/noklevann_ljanselva_start.json"
"Uten quiz";"Nøstetangen glassverk";"nostetangen_glassverk";"naeringsliv";"Øvrige";"0";"0";"";"places/naeringsliv/buskerud/nostetangen_glassverk/nostetangen_glassverk.json"
"Uten quiz";"Nøstvet-boplassen";"nostvet_boplass";"historie";"Øvrige";"0";"0";"";"places/historie/akershus/places_historie_akershus_batch1/nostvet_boplass.json"
"Uten quiz";"Nøtterøy kirke";"notteroy_kirke_faerder";"religion";"Øvrige";"0";"0";"";"places/historie/vestfold/places_historie_vestfold_batch4/notteroy_kirke_faerder.json"
"Uten quiz";"Observatoriet";"observatoriet";"vitenskap";"Oslo";"0";"0";"";"places/vitenskap/oslo/places_vitenskap_historiske_institusjoner/observatoriet.json"
"Uten quiz";"Observatório Astronómico de Lisboa";"lisbon_observatorio_astronomico";"vitenskap";"Lisboa";"0";"0";"";"places/vitenskap/europe/portugal/lisbon/places_lisbon_vitenskap/lisbon_observatorio_astronomico.json"
"Uten quiz";"Odalstunet";"odalstunet_sor_odal";"historie";"Øvrige";"0";"0";"";"places/historie/innlandet/places_historie_innlandet_batch6/odalstunet_sor_odal.json"
"Uten quiz";"Oddernes kirke Kristiansand";"oddernes_kirke_kristiansand";"religion";"Øvrige";"0";"0";"";"places/historie/agder/oddernes_kirke_kristiansand/oddernes_kirke_kristiansand.json"
"Uten quiz";"Odderøya militærhistorie Kristiansand";"odderoya_militaerhistorie_kristiansand";"historie";"Øvrige";"0";"0";"";"places/historie/agder/odderoya_militaerhistorie_kristiansand/odderoya_militaerhistorie_kristiansand.json"
"Uten quiz";"Oksøy fyr Kristiansand";"oksoy_fyr_kristiansand";"by";"Øvrige";"0";"0";"";"places/by/agder/oksoy_fyr_kristiansand/oksoy_fyr_kristiansand.json"
"Med quiz";"Olaf Ryes plass";"olaf_ryes_plass";"by";"Oslo";"1";"1";"data/quiz/by/olaf_ryes_plass_sets.json";"places/by/oslo/places/olaf_ryes_plass.json"
"Uten quiz";"Olav Vik-garden på Osnes";"olav_vik_garden_osnes";"litteratur";"Øvrige";"0";"0";"";"places/litteratur/vestland/etne/olav_vik_garden_osnes/olav_vik_garden_osnes.json"
"Uten quiz";"Old River Saloon";"old_river_saloon_etne";"musikk";"Øvrige";"0";"0";"";"places/kunst/vestland/etne/old_river_saloon_etne/old_river_saloon_etne.json"
"Uten quiz";"Onsøy kirke";"onsøy_kirke";"religion";"Øvrige";"0";"0";"";"places/historie/ostfold/places_historie_ostfold_batch3/onsøy_kirke.json"
"Med quiz";"Operahuset";"operahuset";"scenekunst";"Oslo";"1";"1";"data/quiz/scenekunst/operahuset_sets.json";"places/scenekunst/oslo/places_scenekunst/operahuset.json"
"Uten quiz";"Operastranda";"operastranda";"sport";"Øvrige";"0";"0";"";"places/sport/europa/norway/oslo_sport/operastranda.json"
"Uten quiz";"Oppsal miljøstasjon";"oppsal_miljostasjon";"natur";"Oslo";"0";"0";"";"places/natur/oslo/miljo_gjenbruk/oppsal_miljostasjon.json"
"Uten quiz";"Ormøya";"ormoya";"by";"Oslo";"0";"0";"";"places/by/oslo/places/ormoya.json"
"Uten quiz";"Os kirke Østerdalen";"os_kirke_osterdalen";"religion";"Øvrige";"0";"0";"";"places/historie/innlandet/places_historie_innlandet_batch15/os_kirke_osterdalen.json"
"Uten quiz";"Os stasjon / Rørosbanen";"os_stasjon_rorosbanen";"by";"Øvrige";"0";"0";"";"places/by/innlandet/os_stasjon_rorosbanen/os_stasjon_rorosbanen.json"
"Med quiz";"Oscarsborg festning";"oscarsborg_festning";"historie";"Øvrige";"1";"1";"data/quiz/historie/oscarsborg_festning_sets.json";"places/historie/akershus/places_historie_akershus_batch1/oscarsborg_festning.json"
"Uten quiz";"Oscarshall";"oscarshall";"historie";"Oslo";"0";"0";"";"places/historie/oslo/places_historie/oscarshall.json"
"Uten quiz";"Oseberghaugen";"oseberghaugen_tonsberg";"historie";"Øvrige";"0";"0";"";"places/historie/vestfold/places_historie_vestfold_batch1/oseberghaugen_tonsberg.json"
"Med quiz";"Oset slusebru – damanlegget ved Maridalsoset";"frysjadammen";"historie";"Oslo";"6";"1";"data/quiz/historie/frysjadammen_sets.json";"places/natur/oslo/places_oslo_natur_akerselvarute/frysjadammen.json"
"Uten quiz";"Oskar Braaten-bysten";"oscar_braaten_statuen";"litteratur";"Oslo";"0";"0";"";"places/litteratur/oslo/places_litteratur/oscar_braaten_statuen.json"
"Med quiz";"Oslo bussterminal";"oslo_bussterminal";"by";"Oslo";"3";"1";"data/quiz/by/oslo_bussterminal_sets_merged.json";"places/by/oslo/places/oslo_bussterminal.json"
"Med quiz";"Oslo Børs";"borsen_oslo";"naeringsliv";"Oslo";"1";"1";"data/quiz/naeringsliv/borsen_oslo_sets.json";"places/naeringsliv/oslo/places_naeringsliv_oslo_oppdag_kvadraturen_batch_01/borsen_oslo.json"
"Med quiz";"Oslo domkirke";"oslo_domkirke";"religion";"Oslo";"1";"1";"data/quiz/historie/oslo_domkirke_sets.json";"places/by/oslo/oslo_domkirke/oslo_domkirke.json"
"Med quiz";"Oslo Gassverk";"oslo_gassverk";"naeringsliv";"Oslo";"5";"1";"data/quiz/naeringsliv/oslo_gassverk_sets_merged.json";"places/naeringsliv/oslo/places_naeringsliv/oslo_gassverk.json"
"Uten quiz";"Oslo Golfklubb – Bogstad";"oslo_golfklubb_bogstad";"sport";"Øvrige";"0";"0";"";"places/sport/europa/norway/oslo_sport/oslo_golfklubb_bogstad.json"
"Med quiz";"Oslo Havnelager";"havnelageret";"naeringsliv";"Oslo";"5";"1";"data/quiz/naeringsliv/havnelageret_sets_merged.json";"places/naeringsliv/oslo/places_naeringsliv/havnelageret.json"
"Med quiz";"Oslo Hospital";"oslo_hospital";"historie";"Oslo";"1";"1";"data/quiz/historie/oslo_hospital_sets.json";"places/historie/oslo/places_historie_added_batch_01/oslo_hospital.json"
"Med quiz";"Oslo ladegård";"oslo_ladegard";"historie";"Oslo";"1";"1";"data/quiz/historie/oslo_ladegard_sets.json";"places/historie/oslo/places_historie_added_batch_01/oslo_ladegard.json"
"Med quiz";"Oslo Lysverkers hovedkontor";"oslo_kraftselskap";"naeringsliv";"Oslo";"5";"1";"data/quiz/naeringsliv/oslo_kraftselskap_sets_merged.json";"places/naeringsliv/oslo/places_naeringsliv/oslo_kraftselskap.json"
"Uten quiz";"Oslo Nye Teater – Hovedscenen";"oslo_nye_teater_hovedscenen";"scenekunst";"Oslo";"0";"0";"";"places/scenekunst/oslo/places_scenekunst/oslo_nye_teater_hovedscenen.json"
"Med quiz";"Oslo Posthus";"oslo_posthus";"naeringsliv";"Oslo";"5";"1";"data/quiz/naeringsliv/oslo_posthus_sets_merged.json";"places/naeringsliv/oslo/places_naeringsliv/oslo_posthus.json"
"Uten quiz";"Oslo Prosjektrom";"oslo_prosjektrom";"kunst";"Oslo";"0";"0";"";"places/kunst/oslo/places_kunst/oslo_prosjektrom.json"
"Uten quiz";"Oslo Reptilpark";"oslo_reptilpark";"vitenskap";"Oslo";"0";"0";"";"places/vitenskap/oslo/places_vitenskap/oslo_reptilpark.json"
"Med quiz";"Oslo rådhus";"oslo_radhus";"politikk";"Oslo";"1";"1";"data/quiz/politikk/oslo_radhus_sets.json";"places/politikk/oslo/places_politikk/oslo_radhus.json"
"Med quiz";"Oslo S";"oslo_s";"by";"Oslo";"1";"1";"data/quiz/by/oslo_s_sets.json";"places/by/oslo/places/oslo_s.json"
"Uten quiz";"Oslo Skatehall";"oslo_skatehall";"subkultur";"Oslo";"0";"0";"";"places/subkultur/oslo/places_subkultur/oslo_skatehall.json"
"Med quiz";"Oslo tinghus";"tinghuset";"politikk";"Oslo";"1";"1";"data/quiz/politikk/tinghuset_sets.json";"places/politikk/oslo/places_politikk/tinghuset.json"
"Uten quiz";"OsloMet, Pilestredet";"oslo_met_pilestredet";"vitenskap";"Oslo";"0";"0";"";"places/vitenskap/oslo/places_vitenskap/oslo_met_pilestredet.json"
"Uten quiz";"Osnes Discgolfbane";"osnes_discgolfbane";"sport";"Øvrige";"0";"0";"";"places/sport/vestland/etne/osnes_discgolfbane/osnes_discgolfbane.json"
"Uten quiz";"Osnes–Honsvikjo";"osnes_honsvikjo";"natur";"Øvrige";"0";"0";"";"places/natur/vestland/etne/osnes_honsvikjo/osnes_honsvikjo.json"
"Uten quiz";"Otta stasjon / Gudbrandsdalen";"otta_stasjon_gudbrandsdalen";"by";"Øvrige";"0";"0";"";"places/by/innlandet/otta_stasjon_gudbrandsdalen/otta_stasjon_gudbrandsdalen.json"
"Med quiz";"Padrão dos Descobrimentos";"lisbon_padrao_dos_descobrimentos";"historie";"Lisboa";"6";"1";"data/quiz/historie/lisbon_padrao_dos_descobrimentos_sets.json";"places/historie/europe/portugal/lisbon/places_lisbon_historie/lisbon_padrao_dos_descobrimentos.json"
"Uten quiz";"Palácio de Belém";"lisbon_palacio_de_belem";"politikk";"Lisboa";"0";"0";"";"places/politikk/europe/portugal/lisbon/places_lisbon_politikk/lisbon_palacio_de_belem.json"
"Uten quiz";"Palácio dos Marqueses de Fronteira";"lisbon_palacio_fronteira";"historie";"Lisboa";"0";"0";"";"places/historie/europe/portugal/lisbon/places_lisbon_historie/lisbon_palacio_fronteira.json"
"Uten quiz";"Palácio Nacional da Ajuda";"lisbon_palacio_ajuda";"politikk";"Lisboa";"0";"0";"";"places/politikk/europe/portugal/lisbon/lisbon_palacio_ajuda/lisbon_palacio_ajuda.json"
"Uten quiz";"Paléhaven og Paleet";"palehaven_paleet";"historie";"Oslo";"0";"0";"";"places/historie/oslo/places_historie_oslo_oppdag_kvadraturen_batch_04/palehaven_paleet.json"
"Uten quiz";"Panteão Nacional (Igreja de Santa Engrácia)";"lisbon_panteao_nacional";"historie";"Lisboa";"0";"0";"";"places/historie/europe/portugal/lisbon/places_lisbon_historie/lisbon_panteao_nacional.json"
"Uten quiz";"Papirhuset Teater";"papirhuset_teater";"scenekunst";"Øvrige";"0";"0";"";"places/scenekunst/vestfold/papirhuset_teater/papirhuset_teater.json"
"Uten quiz";"Parque das Nações";"lisbon_parque_das_nacoes";"naeringsliv";"Lisboa";"0";"0";"";"places/naeringsliv/europe/portugal/lisbon/places_lisbon_naeringsliv/lisbon_parque_das_nacoes.json"
"Uten quiz";"Parque Eduardo VII";"lisbon_parque_eduardo_vii";"by";"Lisboa";"0";"0";"";"places/by/europe/portugal/lisbon/places_lisbon_by/lisbon_parque_eduardo_vii.json"
"Uten quiz";"Parque Florestal de Monsanto";"lisbon_monsanto";"natur";"Lisboa";"0";"0";"";"places/natur/europe/portugal/lisbon/places_lisbon_natur/lisbon_monsanto.json"
"Med quiz";"Paulus kirke";"paulus_kirke";"religion";"Oslo";"1";"1";"data/quiz/historie/paulus_kirke_sets.json";"places/historie/oslo/places_historie/paulus_kirke.json"
"Uten quiz";"Pavilhão do Conhecimento";"lisbon_pavilhao_do_conhecimento";"vitenskap";"Lisboa";"0";"0";"";"places/vitenskap/europe/portugal/lisbon/places_lisbon_vitenskap/lisbon_pavilhao_do_conhecimento.json"
"Uten quiz";"Pavilhão João Rocha";"lisbon_pavilhao_joao_rocha";"sport";"Lisboa";"0";"0";"";"places/sport/europa/portugal/sportvenues_lisbon/lisbon_pavilhao_joao_rocha.json"
"Uten quiz";"Peer Gynt-parken";"peer_gynt_parken";"kunst";"Oslo";"0";"0";"";"places/kunst/oslo/places_kunst/peer_gynt_parken.json"
"Uten quiz";"Pestana Palace Hotel";"lisbon_pestana_palace_hotel";"naeringsliv";"Lisboa";"0";"0";"";"places/naeringsliv/europe/portugal/lisbon/places_lisbon_naeringsliv/lisbon_pestana_palace_hotel.json"
"Med quiz";"Peststøtten – Krist kirkegård";"peststotten_krist_kirkegard";"historie";"Oslo";"1";"1";"data/quiz/historie/peststotten_krist_kirkegard_sets.json";"places/historie/oslo/places_historie_added_batch_01/peststotten_krist_kirkegard.json"
"Uten quiz";"Pista de Atletismo Professor Moniz Pereira";"lisbon_pista_moniz_pereira";"sport";"Lisboa";"0";"0";"";"places/sport/europa/portugal/sportvenues_lisbon/lisbon_pista_moniz_pereira.json"
"Uten quiz";"Plata";"plata_oslo";"subkultur";"Oslo";"0";"0";"";"places/subkultur/oslo/places_subkultur/plata_oslo.json"
"Uten quiz";"Plough Lane";"plough_lane_london";"sport";"Øvrige";"0";"0";"";"places/sport/europa/england/footballgrounds_london/plough_lane_london.json"
"Uten quiz";"Politihuset på Grønland";"politihuset_gronland";"politikk";"Oslo";"0";"0";"";"places/politikk/oslo/places_politikk/politihuset_gronland.json"
"Uten quiz";"Ponte 25 de Abril";"lisbon_ponte_25_de_abril";"by";"Lisboa";"0";"0";"";"places/by/europe/portugal/lisbon/places_lisbon_by/lisbon_ponte_25_de_abril.json"
"Uten quiz";"Porsgrunds Porselænsfabrik";"porsgrund_porselensfabrik";"naeringsliv";"Øvrige";"0";"0";"";"places/naeringsliv/telemark/porsgrund_porselensfabrik/porsgrund_porselensfabrik.json"
"Uten quiz";"Porsgrunn kirke / byhistorisk kirkested";"porsgrunn_kirke_byhistorie";"religion";"Øvrige";"0";"0";"";"places/historie/telemark/places_historie_telemark_batch2/porsgrunn_kirke_byhistorie.json"
"Uten quiz";"Portåsen / Herman Wildenveys barndomshjem";"portaasen_wildenvey";"litteratur";"Øvrige";"0";"0";"";"places/litteratur/buskerud/portaasen_wildenvey/portaasen_wildenvey.json"
"Uten quiz";"Posebyen Kristiansand trehusby";"posebyen_kristiansand_trehusby";"by";"Øvrige";"0";"0";"";"places/by/agder/posebyen_kristiansand_trehusby/posebyen_kristiansand_trehusby.json"
"Med quiz";"Postvegen Etne–Skånevik";"postvegen_etne_skanevik";"historie";"Øvrige";"1";"1";"data/quiz/historie/postvegen_etne_skanevik_sets.json";"places/historie/vestland/etne/postvegen_etne_skanevik.json"
"Med quiz";"Postvegen i Rullestadjuvet";"postvegen_rullestadjuvet";"historie";"Øvrige";"1";"1";"data/quiz/historie/postvegen_rullestadjuvet_sets.json";"places/historie/vestland/etne/postvegen_rullestadjuvet.json"
"Uten quiz";"Praça do Comércio";"lisbon_praca_do_comercio";"by";"Lisboa";"0";"0";"";"places/by/europe/portugal/lisbon/places_lisbon_by/lisbon_praca_do_comercio.json"
"Uten quiz";"Praça do Município / Câmara Municipal de Lisboa";"lisbon_praca_do_municipio";"politikk";"Lisboa";"0";"0";"";"places/politikk/europe/portugal/lisbon/places_lisbon_politikk/lisbon_praca_do_municipio.json"
"Uten quiz";"Praça dos Restauradores";"lisbon_praca_dos_restauradores";"politikk";"Lisboa";"0";"0";"";"places/politikk/europe/portugal/lisbon/places_lisbon_politikk/lisbon_praca_dos_restauradores.json"
"Uten quiz";"Praça Luís de Camões";"lisbon_praca_luis_de_camoes";"litteratur";"Lisboa";"0";"0";"";"places/litteratur/europe/portugal/lisbon/places_lisbon_litteratur/lisbon_praca_luis_de_camoes.json"
"Uten quiz";"Praça Marquês de Pombal";"lisbon_praca_marques_de_pombal";"politikk";"Lisboa";"0";"0";"";"places/politikk/europe/portugal/lisbon/places_lisbon_politikk/lisbon_praca_marques_de_pombal.json"
"Uten quiz";"Preus museum Horten";"preus_museum_horten";"historie";"Øvrige";"0";"0";"";"places/historie/vestfold/places_historie_vestfold_batch6/preus_museum_horten.json"
"Uten quiz";"Príncipe Real";"lisbon_principe_real";"by";"Lisboa";"0";"0";"";"places/by/europe/portugal/lisbon/places_lisbon_by/lisbon_principe_real.json"
"Med quiz";"Prinds Christian Augusts Minde";"prinds_christian_augusts_minde";"historie";"Oslo";"1";"1";"data/quiz/historie/prinds_christian_augusts_minde_sets.json";"places/historie/oslo/places_historie_added_batch_01/prinds_christian_augusts_minde.json"
"Uten quiz";"Prøysenhuset – Rudshøgda";"proysenhuset_rudshogda";"litteratur";"Øvrige";"0";"0";"";"places/litteratur/innlandet/proysenhuset_rudshogda.json"
"Uten quiz";"Prøysenstua / Rudshøgda";"proysenstua_rudshogda";"litteratur";"Øvrige";"0";"0";"";"places/litteratur/innlandet/proysenstua_rudshogda/proysenstua_rudshogda.json"
"Uten quiz";"Psykisk helse og rus – Etne";"psykisk_helse_rus_etne";"psykologi";"Øvrige";"0";"0";"";"places/psykologi/vestland/etne/psykisk_helse_rus_etne/psykisk_helse_rus_etne.json"
"Uten quiz";"Psykisk helse og rus – Skånevik";"psykisk_helse_rus_skanevik";"psykologi";"Øvrige";"0";"0";"";"places/psykologi/vestland/etne/psykisk_helse_rus_skanevik/psykisk_helse_rus_skanevik.json"
"Uten quiz";"Psykologisk institutt, UiO";"psykologisk_institutt_uio";"psykologi";"Oslo";"0";"0";"";"places/psykologi/oslo/places_psykologi/psykologisk_institutt_uio.json"
"Uten quiz";"Purenkel galleri";"purenkel_galleri";"kunst";"Oslo";"0";"0";"";"places/kunst/oslo/places_kunst/purenkel_galleri.json"
"Uten quiz";"Pusnes mekaniske verksted Arendal";"pusnes_mekaniske_verksted_arendal";"naeringsliv";"Øvrige";"0";"0";"";"places/naeringsliv/agder/pusnes_mekaniske_verksted_arendal/pusnes_mekaniske_verksted_arendal.json"
"Uten quiz";"Radionettes fødested";"radionette_fodested_bygdoy_alle_67";"vitenskap";"Oslo";"0";"0";"";"places/vitenskap/oslo/places_vitenskap/radionette_fodested_bygdoy_alle_67.json"
"Uten quiz";"Radiumhospitalet";"radiumhospitalet";"vitenskap";"Oslo";"0";"0";"";"places/vitenskap/oslo/places_vitenskap/radiumhospitalet.json"
"Uten quiz";"Rakkestad kirke";"rakkestad_kirke";"religion";"Øvrige";"0";"0";"";"places/historie/ostfold/places_historie_ostfold_batch5/rakkestad_kirke.json"
"Uten quiz";"Rakkestad prestegård";"rakkestad_prestegard_1814";"historie";"Øvrige";"0";"0";"";"places/historie/ostfold/places_historie_ostfold_batch4/rakkestad_prestegard_1814.json"
"Uten quiz";"Raknehaugen";"raknehaugen";"historie";"Øvrige";"0";"0";"";"places/historie/akershus/places_historie_akershus_batch1/raknehaugen.json"
"Uten quiz";"RAM galleri";"ram_galleri";"kunst";"Oslo";"0";"0";"";"places/kunst/oslo/places_kunst/ram_galleri.json"
"Uten quiz";"Rambergøya";"rambergoya";"natur";"Oslo";"0";"0";"";"places/natur/oslo/rambergoya.json"
"Uten quiz";"Ramnes kirke";"ramnes_kirke_tonsberg";"religion";"Øvrige";"0";"0";"";"places/historie/vestfold/places_historie_vestfold_batch3/ramnes_kirke_tonsberg.json"
"Uten quiz";"Raufoss industripark / ammunisjonsfabrikken";"raufoss_industripark_ammunisjon";"naeringsliv";"Øvrige";"0";"0";"";"places/naeringsliv/innlandet/raufoss_industripark_ammunisjon/raufoss_industripark_ammunisjon.json"
"Uten quiz";"Rauland kyrkje";"rauland_kyrkje";"religion";"Øvrige";"0";"0";"";"places/historie/telemark/places_historie_telemark_batch6/rauland_kyrkje.json"
"Uten quiz";"Ravnedalen Kristiansand";"ravnedalen_kristiansand";"natur";"Øvrige";"0";"0";"";"places/natur/agder/ravnedalen_kristiansand/ravnedalen_kristiansand.json"
"Med quiz";"Re slagsted ved Ramnes";"re_slagsted_ramnes";"historie";"Øvrige";"1";"1";"data/quiz/historie/places_historie_norge_for_1500_batch_04_sets.json";"places/historie/norge/places_historie_norge_for_1500_batch3/re_slagsted_ramnes.json"
"Med quiz";"Regjeringskvartalet";"regjeringskvartalet";"politikk";"Oslo";"1";"1";"data/quiz/politikk/regjeringskvartalet_sets.json";"places/politikk/oslo/places_politikk/regjeringskvartalet.json"
"Med quiz";"Reichwald-snublesteinene";"reichwald_snublesteiner_skanevik";"historie";"Øvrige";"1";"1";"data/quiz/historie/reichwald_snublesteiner_skanevik_sets.json";"places/historie/vestland/etne/reichwald_snublesteiner_skanevik.json"
"Med quiz";"Rein kloster";"reinskloster";"historie";"Øvrige";"1";"1";"data/quiz/historie/places_historie_norge_for_1500_batch_01_sets.json";"places/historie/norge/places_historie_norge_for_1500_batch1/reinskloster.json"
"Uten quiz";"Reinli stavkirke";"reinli_stavkirke";"religion";"Øvrige";"0";"0";"";"places/historie/innlandet/places_historie_innlandet_batch2/reinli_stavkirke.json"
"Uten quiz";"Reinsvoll stasjon / Totenbanen";"reinsvoll_stasjon_totenbanen";"by";"Øvrige";"0";"0";"";"places/by/innlandet/reinsvoll_stasjon_totenbanen/reinsvoll_stasjon_totenbanen.json"
"Uten quiz";"Rena leir";"rena_leir";"historie";"Øvrige";"0";"0";"";"places/historie/innlandet/places_historie_innlandet_batch14/rena_leir.json"
"Uten quiz";"Rendalen bygdemuseum";"rendalen_bygdemuseum";"historie";"Øvrige";"0";"0";"";"places/historie/innlandet/places_historie_innlandet_batch7/rendalen_bygdemuseum.json"
"Uten quiz";"Ressurssenter for kvinner";"ressurssenter_kvinner_trondheim";"subkultur";"Øvrige";"0";"0";"";"places/subkultur/trondelag/ressurssenter_kvinner_trondheim/ressurssenter_kvinner_trondheim.json"
"Uten quiz";"Revolver";"revolver_oslo";"musikk";"Oslo";"0";"0";"";"places/subkultur/oslo/places_subkultur/revolver_oslo.json"
"Uten quiz";"Riddergården Hønefoss";"riddergarden_honefoss";"by";"Øvrige";"0";"0";"";"places/by/buskerud/riddergarden_honefoss/riddergarden_honefoss.json"
"Uten quiz";"Rikshospitalet";"rikshospitalet";"vitenskap";"Oslo";"0";"0";"";"places/vitenskap/oslo/places_vitenskap/rikshospitalet.json"
"Uten quiz";"Riksscenen";"riksscenen";"scenekunst";"Oslo";"0";"0";"";"places/scenekunst/oslo/places_scenekunst/riksscenen.json"
"Uten quiz";"RIMI/IMIR Scenekunst";"rimi_imir_scenekunst";"scenekunst";"Øvrige";"0";"0";"";"places/scenekunst/rogaland/rimi_imir_scenekunst/rimi_imir_scenekunst.json"
"Med quiz";"Rimol i Melhus";"rimol_melhus";"historie";"Øvrige";"1";"1";"data/quiz/historie/places_historie_norge_for_1500_batch_02_sets.json";"places/historie/norge/places_historie_norge_for_1500_batch2/rimol_melhus.json"
"Med quiz";"Ring 3";"ring_3";"by";"Oslo";"1";"1";"data/quiz/by/ring_3_sets.json";"places/by/oslo/places/ring_3.json"
"Uten quiz";"Ringebu prestegard";"ringebu_prestegard";"historie";"Øvrige";"0";"0";"";"places/historie/innlandet/places_historie_innlandet_batch18/ringebu_prestegard.json"
"Uten quiz";"Ringebu stavkirke";"ringebu_stavkirke";"religion";"Øvrige";"0";"0";"";"places/historie/innlandet/places_historie_innlandet_batch1/ringebu_stavkirke.json"
"Med quiz";"Ringnes bryggeri";"ringnes_bryggeri";"naeringsliv";"Oslo";"1";"1";"data/quiz/naeringsliv/ringnes_bryggeri_sets_merged.json";"places/naeringsliv/oslo/places_naeringsliv/ringnes_bryggeri.json"
"Uten quiz";"Ringsaker kirke";"ringsaker_kirke";"religion";"Øvrige";"0";"0";"";"places/historie/innlandet/places_historie_innlandet_batch7/ringsaker_kirke.json"
"Uten quiz";"Risør kirke / byhistorie";"risor_kirke_byhistorie";"religion";"Øvrige";"0";"0";"";"places/by/agder/risor_kirke_byhistorie/risor_kirke_byhistorie.json"
"Uten quiz";"Risør museum";"risor_museum";"historie";"Øvrige";"0";"0";"";"places/historie/agder/risor_museum/risor_museum.json"
"Uten quiz";"Risør trehusby / byhistorie";"risor_trehusby_byhistorie";"by";"Øvrige";"0";"0";"";"places/by/agder/risor_trehusby_byhistorie/risor_trehusby_byhistorie.json"
"Uten quiz";"Rjukanbanen / Rjukan stasjon";"rjukanbanen_rjukan_stasjon";"by";"Øvrige";"0";"0";"";"places/by/telemark/rjukanbanen_rjukan_stasjon/rjukanbanen_rjukan_stasjon.json"
"Uten quiz";"Roald Amundsens hjem Uranienborg";"roald_amundsens_hjem_uranienborg";"historie";"Øvrige";"0";"0";"";"places/historie/akershus/places_historie_akershus_batch3/roald_amundsens_hjem_uranienborg.json"
"Uten quiz";"Rock In";"rock_in_oslo";"subkultur";"Oslo";"0";"0";"";"places/subkultur/oslo/places_subkultur/rock_in_oslo.json"
"Med quiz";"Rockefeller Music Hall";"rockefeller";"musikk";"Oslo";"5";"1";"data/quiz/musikk/rockefeller_sets_merged.json";"places/musikk/oslo/places_musikk/rockefeller.json"
"Med quiz";"Rodeløkka";"rodelokka";"by";"Oslo";"5";"1";"data/quiz/by/rodelokka_sets.json";"places/by/oslo/places/rodelokka.json"
"Uten quiz";"Rogaland Teater";"rogaland_teater";"scenekunst";"Øvrige";"0";"0";"";"places/scenekunst/rogaland/rogaland_teater/rogaland_teater.json"
"Uten quiz";"Rollag stavkirke";"rollag_stavkirke";"religion";"Øvrige";"0";"0";"";"places/historie/buskerud/places_historie_buskerud_batch1/rollag_stavkirke.json"
"Uten quiz";"Romedal kirke";"romedal_kirke";"religion";"Øvrige";"0";"0";"";"places/historie/innlandet/places_historie_innlandet_batch14/romedal_kirke.json"
"Uten quiz";"Rommen Scene";"rommen_scene";"scenekunst";"Oslo";"0";"0";"";"places/scenekunst/oslo/places_scenekunst/rommen_scene.json"
"Uten quiz";"Romnes kirke";"romnes_kirke_nome";"religion";"Øvrige";"0";"0";"";"places/historie/telemark/places_historie_telemark_batch4/romnes_kirke_nome.json"
"Med quiz";"Romsås";"romsaås";"by";"Oslo";"1";"1";"data/quiz/by/romsaås_sets.json";"places/by/oslo/places/romsaås.json"
"Uten quiz";"Romsås gjenvinningsstasjon";"romsas_gjenvinningsstasjon";"natur";"Oslo";"0";"0";"";"places/natur/oslo/miljo_gjenbruk/romsas_gjenvinningsstasjon.json"
"Uten quiz";"Rosendal Teater";"rosendal_teater";"scenekunst";"Øvrige";"0";"0";"";"places/scenekunst/trondelag/rosendal_teater/rosendal_teater.json"
"Uten quiz";"Roseslottet";"roseslottet";"kunst";"Oslo";"0";"0";"";"places/kunst/oslo/places_kunst_oslo_kultureiendommer_batch_06/roseslottet.json"
"Uten quiz";"Rossio (Praça Dom Pedro IV)";"lisbon_rossio";"by";"Lisboa";"0";"0";"";"places/by/europe/portugal/lisbon/places_lisbon_by/lisbon_rossio.json"
"Uten quiz";"RTP – Rádio e Televisão de Portugal";"lisbon_rtp";"media";"Lisboa";"0";"0";"";"places/media/europe/portugal/lisbon/places_lisbon_media/lisbon_rtp.json"
"Uten quiz";"Rua Nova do Carvalho / Pink Street";"lisbon_pink_street";"subkultur";"Lisboa";"0";"0";"";"places/subkultur/europe/portugal/lisbon/places_lisbon_subkultur/lisbon_pink_street.json"
"Uten quiz";"Rudolf Nilsens plass";"rudolf_nilsens_plass";"by";"Oslo";"0";"0";"";"places/by/oslo/rudolf_nilsens_plass.json"
"Uten quiz";"Rudskogen Motorsenter";"rudskogen_motorsenter";"sport";"Øvrige";"0";"0";"";"places/sport/europa/norway/places_motorsport_ostlandet/rudskogen_motorsenter.json"
"Uten quiz";"Ruínas do Teatro Romano";"lisbon_teatro_romano";"historie";"Lisboa";"0";"0";"";"places/historie/europe/portugal/lisbon/places_lisbon_historie/lisbon_teatro_romano.json"
"Uten quiz";"Rullestadvatnet";"rullestadvatnet";"natur";"Øvrige";"0";"0";"";"places/natur/vestland/etne/rullestadvatnet/rullestadvatnet.json"
"Uten quiz";"Ruth Maier-minnesmerke";"ruth_maier_minne";"litteratur";"Oslo";"0";"0";"";"places/litteratur/oslo/places_litteratur/ruth_maier_minne.json"
"Uten quiz";"Ryen gjenvinningsstasjon";"ryen_gjenvinningsstasjon";"natur";"Oslo";"0";"0";"";"places/natur/oslo/miljo_gjenbruk/ryen_gjenvinningsstasjon.json"
"Uten quiz";"Rygge kirke";"rygge_kirke";"religion";"Øvrige";"0";"0";"";"places/historie/ostfold/places_historie_ostfold_batch2/rygge_kirke.json"
"Uten quiz";"Rygnestadtunet Valle";"rygnestadtunet_valle";"historie";"Øvrige";"0";"0";"";"places/historie/agder/rygnestadtunet_valle/rygnestadtunet_valle.json"
"Uten quiz";"Ryvingen fyr Mandal";"ryvingen_fyr_mandal";"by";"Øvrige";"0";"0";"";"places/by/agder/ryvingen_fyr_mandal/ryvingen_fyr_mandal.json"
"Uten quiz";"Rælingen bygdetun";"raelingen_bygdetun";"historie";"Øvrige";"0";"0";"";"places/historie/akershus/places_historie_akershus_batch4/raelingen_bygdetun.json"
"Uten quiz";"Rød Herregård";"rod_herregard";"historie";"Øvrige";"0";"0";"";"places/historie/ostfold/places_historie_ostfold_batch1/rod_herregard.json"
"Uten quiz";"Rødenes kirke";"rodenes_kirke";"religion";"Øvrige";"0";"0";"";"places/historie/ostfold/places_historie_ostfold_batch4/rodenes_kirke.json"
"Uten quiz";"Rådhus-Teatret";"radhus_teatret_kongsvinger";"scenekunst";"Øvrige";"0";"0";"";"places/scenekunst/innlandet/radhus_teatret_kongsvinger/radhus_teatret_kongsvinger.json"
"Med quiz";"Rådhusplassen";"radhusplassen";"by";"Oslo";"1";"1";"data/quiz/by/radhusplassen_sets.json";"places/by/oslo/places/radhusplassen.json"
"Uten quiz";"Rådmannsgården og Anatomibygget";"radmannsgarden_og_anatomibygget";"historie";"Oslo";"0";"0";"";"places/historie/oslo/places_historie_oslo_kultureiendommer_batch_02/radmannsgarden_og_anatomibygget.json"
"Uten quiz";"Rådstua Teaterhus";"radstua_teaterhus";"scenekunst";"Øvrige";"0";"0";"";"places/scenekunst/troms/radstua_teaterhus/radstua_teaterhus.json"
"Uten quiz";"Saga kino";"saga_kino";"naeringsliv";"Oslo";"0";"0";"";"places/film/oslo/places/saga_kino.json"
"Uten quiz";"Sagene";"sagene";"by";"Oslo";"0";"0";"";"places/by/oslo/places/sagene.json"
"Uten quiz";"Sagene festivitetshus";"sagene_festivitetshus";"scenekunst";"Oslo";"0";"0";"";"places/historie/oslo/places_historie_oslo_kultureiendommer_batch_05/sagene_festivitetshus.json"
"Uten quiz";"Sagene skole";"sagene_skole";"historie";"Oslo";"0";"0";"";"places/historie/oslo/places_historie/sagene_skole.json"
"Med quiz";"SALT";"salt";"musikk";"Oslo";"5";"1";"data/quiz/musikk/salt_sets_merged.json";"places/musikk/oslo/places_musikk/salt.json"
"Uten quiz";"SALT";"salt_oslo";"scenekunst";"Oslo";"0";"0";"";"places/scenekunst/oslo/places_scenekunst/salt_oslo.json"
"Uten quiz";"Saltåna";"saltana_etne";"natur";"Øvrige";"0";"0";"";"places/natur/vestland/etne/saltana_etne/saltana_etne.json"
"Uten quiz";"Samovarteateret – Sør-Varanger kultursal";"samovarteateret_sor_varanger_kultursal";"scenekunst";"Øvrige";"0";"0";"";"places/scenekunst/finnmark/samovarteateret_sor_varanger_kultursal/samovarteateret_sor_varanger_kultursal.json"
"Uten quiz";"Sandar kirke";"sandar_kirke_sandefjord";"religion";"Øvrige";"0";"0";"";"places/historie/vestfold/places_historie_vestfold_batch3/sandar_kirke_sandefjord.json"
"Uten quiz";"Sande kirke Vestfold";"sande_kirke_vestfold";"religion";"Øvrige";"0";"0";"";"places/historie/vestfold/places_historie_vestfold_batch4/sande_kirke_vestfold.json"
"Uten quiz";"Sandefjord Kurbad";"sandefjord_kurbad";"by";"Øvrige";"0";"0";"";"places/by/vestfold/sandefjord_kurbad/sandefjord_kurbad.json"
"Uten quiz";"Sandefjord stasjon / Vestfoldbanen";"sandefjord_stasjon_vestfoldbanen";"by";"Øvrige";"0";"0";"";"places/by/vestfold/sandefjord_stasjon_vestfoldbanen/sandefjord_stasjon_vestfoldbanen.json"
"Uten quiz";"Sanderud sykehus / historisk område";"sanderud_sykehus_historisk_omrade";"historie";"Øvrige";"0";"0";"";"places/historie/innlandet/places_historie_innlandet_batch14/sanderud_sykehus_historisk_omrade.json"
"Uten quiz";"Sandvika Teater";"sandvika_teater";"scenekunst";"Øvrige";"0";"0";"";"places/scenekunst/akershus/sandvika_teater/sandvika_teater.json"
"Uten quiz";"Sandvikevatnet";"sandvikevatnet_etne";"natur";"Øvrige";"0";"0";"";"places/natur/vestland/etne/sandvikevatnet_etne/sandvikevatnet_etne.json"
"Uten quiz";"Santa Apolónia Station";"lisbon_santa_apolonia_station";"naeringsliv";"Lisboa";"0";"0";"";"places/naeringsliv/europe/portugal/lisbon/places_lisbon_naeringsliv/lisbon_santa_apolonia_station.json"
"Uten quiz";"Santander Portugal Headquarters";"lisbon_santander_portugal_headquarters";"naeringsliv";"Lisboa";"0";"0";"";"places/naeringsliv/europe/portugal/lisbon/places_lisbon_naeringsliv/lisbon_santander_portugal_headquarters.json"
"Uten quiz";"Santo António-festivalen i Lisboa";"lisbon_santo_antonio_festival";"religion";"Lisboa";"0";"0";"";"places/religion/europe/portugal/lisbon/lisbon_santo_antonio_festival.json"
"Uten quiz";"Sarpefossen";"sarpsfossen";"natur";"Øvrige";"0";"0";"";"places/natur/ostfold/sarpsfossen/sarpsfossen.json"
"Uten quiz";"Saugbrugsforeningen / Norske Skog Saugbrugs";"tistedalen_saugbrugsforeningen";"naeringsliv";"Øvrige";"0";"0";"";"places/naeringsliv/ostfold/tistedalen_saugbrugsforeningen/tistedalen_saugbrugsforeningen.json"
"Uten quiz";"Sauherad kirke";"sauherad_kirke_midt_telemark";"religion";"Øvrige";"0";"0";"";"places/historie/telemark/places_historie_telemark_batch2/sauherad_kirke_midt_telemark.json"
"Uten quiz";"Saxegården";"saxegarden";"historie";"Oslo";"0";"0";"";"places/historie/oslo/places_historie_oslo_kultureiendommer_batch_10/saxegarden.json"
"Uten quiz";"Schiøllgården";"schiollgarden_prinsens_gate_26";"by";"Oslo";"0";"0";"";"places/by/oslo/places_by_oslo_oppdag_kvadraturen_hovedstaden_batch_02/schiollgarden_prinsens_gate_26.json"
"Med quiz";"Schous bryggeri";"schous_bryggeri";"naeringsliv";"Oslo";"1";"1";"data/quiz/naeringsliv/schous_bryggeri_sets_merged.json";"places/naeringsliv/oslo/places_naeringsliv/schous_bryggeri.json"
"Uten quiz";"Schweigaards gate–Lodalen veggakse";"schweigaards_gate_lodalen";"subkultur";"Oslo";"0";"0";"";"places/subkultur/oslo/places_subkultur/schweigaards_gate_lodalen.json"
"Uten quiz";"Sé de Lisboa";"lisbon_se_de_lisboa";"religion";"Lisboa";"0";"0";"";"places/historie/europe/portugal/lisbon/places_lisbon_historie/lisbon_se_de_lisboa.json"
"Uten quiz";"Seiersten skanse";"seiersten_skanse";"historie";"Øvrige";"0";"0";"";"places/historie/akershus/places_historie_akershus_batch4/seiersten_skanse.json"
"Med quiz";"Sekken slagsted og minnestein";"sekken_slagsted";"historie";"Øvrige";"1";"1";"data/quiz/historie/places_historie_norge_for_1500_batch_04_sets.json";"places/historie/norge/places_historie_norge_for_1500_batch3/sekken_slagsted.json"
"Uten quiz";"Sel kirke / Otta-landskapet";"sel_kirke_otta";"religion";"Øvrige";"0";"0";"";"places/historie/innlandet/places_historie_innlandet_batch7/sel_kirke_otta.json"
"Uten quiz";"Selhurst Park";"selhurst_park_london";"sport";"Øvrige";"0";"0";"";"places/sport/europa/england/footballgrounds_london/selhurst_park_london.json"
"Uten quiz";"Seljord kirke";"seljord_kirke";"religion";"Øvrige";"0";"0";"";"places/historie/telemark/places_historie_telemark_batch2/seljord_kirke.json"
"Uten quiz";"Sem kirke Tønsberg";"sem_kirke_tonsberg";"religion";"Øvrige";"0";"0";"";"places/historie/vestfold/places_historie_vestfold_batch2/sem_kirke_tonsberg.json"
"Med quiz";"Sentrum Scene";"sentrum_scene";"musikk";"Oslo";"5";"1";"data/quiz/musikk/sentrum_scene_sets_merged.json";"places/musikk/oslo/places_musikk/sentrum_scene.json"
"Uten quiz";"Setesdal mineralpark Evje";"setesdal_mineralpark_evje";"vitenskap";"Øvrige";"0";"0";"";"places/vitenskap/agder/setesdal_mineralpark_evje/setesdal_mineralpark_evje.json"
"Uten quiz";"Setesdalsbanen Grovane";"setesdalsbanen_grovane";"by";"Øvrige";"0";"0";"";"places/by/agder/setesdalsbanen_grovane/setesdalsbanen_grovane.json"
"Uten quiz";"Setesdalsmuseet Rysstad";"setesdalsmuseet_rysstad";"historie";"Øvrige";"0";"0";"";"places/historie/agder/places_historie_agder_batch1/setesdalsmuseet_rysstad.json"
"Uten quiz";"Sigrid Undset-statuen";"sigrid_undset_statue";"litteratur";"Oslo";"0";"0";"";"places/litteratur/oslo/places_litteratur/sigrid_undset_statue.json"
"Uten quiz";"SINTEF MiNaLab";"sintef_minalab";"vitenskap";"Oslo";"0";"0";"";"places/vitenskap/oslo/places_vitenskap/sintef_minalab.json"
"Uten quiz";"Sitatgaten – Ibsen-sitatene";"ibsen_quotes";"litteratur";"Oslo";"0";"0";"";"places/litteratur/oslo/places_litteratur/ibsen_quotes.json"
"Uten quiz";"Sjøfartsbygningen";"sjofartsbygningen";"naeringsliv";"Oslo";"0";"0";"";"places/naeringsliv/oslo/places_naeringsliv_oslo_oppdag_kvadraturen_hovedstaden_batch_01/sjofartsbygningen.json"
"Uten quiz";"Sjøkanten Trivsel";"sjokanten_trivsel_skanevik";"sport";"Øvrige";"0";"0";"";"places/sport/vestland/etne/sjokanten_trivsel_skanevik/sjokanten_trivsel_skanevik.json"
"Uten quiz";"Sjølingstad Uldvarefabrik";"sjolingstad_ullvarefabrikk";"naeringsliv";"Øvrige";"0";"0";"";"places/naeringsliv/agder/sjolingstad_ullvarefabrikk/sjolingstad_ullvarefabrikk.json"
"Uten quiz";"Skafså kyrkje";"skafsa_kyrkje_tokke";"religion";"Øvrige";"0";"0";"";"places/historie/telemark/places_historie_telemark_batch7/skafsa_kyrkje_tokke.json"
"Uten quiz";"Skakke – senter for kultur, skule og idrett";"skakke_kultursenter_etne";"scenekunst";"Øvrige";"0";"0";"";"places/kunst/vestland/etne/skakke_kultursenter_etne/skakke_kultursenter_etne.json"
"Uten quiz";"Skakkeringen";"skakkeringen_etne";"sport";"Øvrige";"0";"0";"";"places/sport/vestland/etne/skakkeringen_etne/skakkeringen_etne.json"
"Uten quiz";"Skarnes stasjon / Kongsvingerbanen";"skarnes_stasjon_kongsvingerbanen";"by";"Øvrige";"0";"0";"";"places/by/innlandet/skarnes_stasjon_kongsvingerbanen/skarnes_stasjon_kongsvingerbanen.json"
"Uten quiz";"Skedsmo kirke";"skedsmo_kirke";"religion";"Øvrige";"0";"0";"";"places/historie/akershus/places_historie_akershus_batch2/skedsmo_kirke.json"
"Uten quiz";"Ski middelalderkirke";"ski_middelalderkirke";"religion";"Øvrige";"0";"0";"";"places/historie/akershus/places_historie_akershus_batch3/ski_middelalderkirke.json"
"Uten quiz";"Skien kirke / byhistorisk sentrum";"skien_kirke_byhistorie";"religion";"Øvrige";"0";"0";"";"places/historie/telemark/places_historie_telemark_batch1/skien_kirke_byhistorie.json"
"Med quiz";"Skimore Oslo";"skimore_oslo";"sport";"Øvrige";"1";"1";"data/quiz/sport/skimore_oslo_sets.json";"places/sport/europa/norway/oslo_sport/skimore_oslo.json"
"Uten quiz";"Skimuseet i Holmenkollen";"holmenkollen_skimuseum";"historie";"Oslo";"0";"0";"";"places/historie/oslo/places_historie/holmenkollen_skimuseum.json"
"Uten quiz";"Skiptvet kirke";"skiptvet_kirke";"religion";"Øvrige";"0";"0";"";"places/historie/ostfold/places_historie_ostfold_batch6/skiptvet_kirke.json"
"Uten quiz";"Skjeberg kirke";"skjeberg_kirke";"religion";"Øvrige";"0";"0";"";"places/historie/ostfold/places_historie_ostfold_batch3/skjeberg_kirke.json"
"Uten quiz";"Skjee kirke";"skjee_kirke_sandefjord";"religion";"Øvrige";"0";"0";"";"places/historie/vestfold/places_historie_vestfold_batch6/skjee_kirke_sandefjord.json"
"Uten quiz";"Skjernøy kystkultur Lindesnes";"skjernoy_kystkultur_lindesnes";"natur";"Øvrige";"0";"0";"";"places/natur/agder/skjernoy_kystkultur_lindesnes/skjernoy_kystkultur_lindesnes.json"
"Uten quiz";"Skjønhaug miljøstasjon";"skjonhaug_miljostasjon";"natur";"Oslo";"0";"0";"";"places/natur/oslo/miljo_gjenbruk/skjonhaug_miljostasjon.json"
"Uten quiz";"Skjåk bygdamuseum";"skjaak_bygdamuseum";"historie";"Øvrige";"0";"0";"";"places/historie/innlandet/places_historie_innlandet_batch7/skjaak_bygdamuseum.json"
"Uten quiz";"Skotfoss Bruk";"skotfoss_bruk_skien";"naeringsliv";"Øvrige";"0";"0";"";"places/naeringsliv/telemark/skotfoss_bruk_skien/skotfoss_bruk_skien.json"
"Uten quiz";"Skraperudtjern";"skraperudtjern";"natur";"Oslo";"0";"0";"";"places/natur/oslo/places_oslo_natur_ljanselva_rute/skraperudtjern.json"
"Uten quiz";"Skreia stasjon / Totenbanen";"skreia_stasjon_totenbanen";"by";"Øvrige";"0";"0";"";"places/by/innlandet/skreia_stasjon_totenbanen/skreia_stasjon_totenbanen.json"
"Med quiz";"Skulptursonen i Øvre Slottsgate";"skulptursonen_ovre_slottsgate";"kunst";"Oslo";"1";"1";"data/quiz/kunst/skulptursonen_ovre_slottsgate_sets.json";"places/kunst/oslo/places_kunst_oslo_oppdag_kvadraturen_art_sites_batch_01/skulptursonen_ovre_slottsgate.json"
"Uten quiz";"Skur 13";"skur13";"subkultur";"Oslo";"0";"0";"";"places/subkultur/oslo/places_subkultur/skur13.json"
"Uten quiz";"Skøyen";"skoyen";"by";"Oslo";"0";"0";"";"places/by/oslo/places/skoyen.json"
"Med quiz";"Skøytemuseet";"skoytemuseet";"sport";"Øvrige";"1";"1";"data/quiz/sport/skoytemuseet_sets.json";"places/sport/europa/norway/oslo_sport/skoytemuseet.json"
"Uten quiz";"Skånevik brannstasjon";"skanevik_brannstasjon";"politikk";"Øvrige";"0";"0";"";"places/politikk/vestland/etne/skanevik_brannstasjon.json"
"Uten quiz";"Skånevik discgolf";"skanevik_discgolf";"sport";"Øvrige";"0";"0";"";"places/sport/vestland/etne/skanevik_discgolf/skanevik_discgolf.json"
"Uten quiz";"Skånevik ferjekai";"skanevik_ferjekai";"by";"Øvrige";"0";"0";"";"places/by/vestland/etne/skanevik_ferjekai/skanevik_ferjekai.json"
"Uten quiz";"Skånevik Fjordhotel / Pippifestivalen";"skanevik_fjordhotel_pippifestivalen";"scenekunst";"Øvrige";"0";"0";"";"places/kunst/vestland/etne/skanevik_fjordhotel_pippifestivalen/skanevik_fjordhotel_pippifestivalen.json"
"Med quiz";"Skånevik Gjestgjevargard";"skanevik_gjestgjevargarden";"historie";"Øvrige";"1";"1";"data/quiz/historie/skanevik_gjestgjevargarden_sets.json";"places/historie/vestland/etne/skanevik_gjestgjevargarden.json"
"Uten quiz";"Skånevik hermetikkfabrikk";"skanevik_hermetikkfabrikk";"naeringsliv";"Øvrige";"0";"0";"";"places/naeringsliv/vestland/etne/skanevik_hermetikkfabrikk/skanevik_hermetikkfabrikk.json"
"Uten quiz";"Skånevik idrettsanlegg";"skanevik_idrettsanlegg";"sport";"Øvrige";"0";"0";"";"places/sport/vestland/etne/skanevik_idrettsanlegg/skanevik_idrettsanlegg.json"
"Uten quiz";"Skånevik kultur- og idrettshall";"skanevik_kultur_og_idrettshall";"sport";"Øvrige";"0";"0";"";"places/kunst/vestland/etne/skanevik_kultur_og_idrettshall/skanevik_kultur_og_idrettshall.json"
"Uten quiz";"Skånevik kyrkje";"skanevik_kyrkje";"religion";"Øvrige";"0";"0";"";"places/religion/vestland/etne/skanevik_kyrkje/skanevik_kyrkje.json"
"Uten quiz";"Skånevik kyrkjestad";"skanevik_kyrkjestad";"religion";"Øvrige";"0";"0";"";"places/historie/vestland/etne/skanevik_kyrkjestad.json"
"Uten quiz";"Skånevik sentrum";"skanevik_sentrum";"by";"Øvrige";"0";"0";"";"places/by/vestland/etne/skanevik_sentrum/skanevik_sentrum.json"
"Uten quiz";"Skånevik skatepark";"skanevik_skatepark";"sport";"Øvrige";"0";"0";"";"places/sport/vestland/etne/skanevik_skatepark/skanevik_skatepark.json"
"Uten quiz";"Skånevik skytebane";"skanevik_skytebane";"sport";"Øvrige";"0";"0";"";"places/sport/vestland/etne/skanevik_skytebane/skanevik_skytebane.json"
"Uten quiz";"Skåneviksfjella";"skaneviksfjella";"natur";"Øvrige";"0";"0";"";"places/natur/vestland/etne/skaneviksfjella/skaneviksfjella.json"
"Uten quiz";"Skåno naturreservat";"skano_naturreservat_etne";"natur";"Øvrige";"0";"0";"";"places/natur/vestland/skano_naturreservat_etne/skano_naturreservat_etne.json"
"Uten quiz";"Slidredomen / Vestre Slidre kirke";"slidredomen_vestre_slidre";"religion";"Øvrige";"0";"0";"";"places/historie/innlandet/places_historie_innlandet_batch17/slidredomen_vestre_slidre.json"
"Uten quiz";"Slottsfjellet / Tunsberghus";"slottsfjellet_tonsberg";"historie";"Øvrige";"0";"0";"";"places/historie/vestfold/places_historie_vestfold_batch1/slottsfjellet_tonsberg.json"
"Med quiz";"Slottsfjellet i Tønsberg";"tonsberg_slottsfjell";"historie";"Øvrige";"1";"1";"data/quiz/historie/places_historie_norge_for_1500_batch_01_sets.json";"places/historie/norge/places_historie_norge_for_1500_batch1/tonsberg_slottsfjell.json"
"Uten quiz";"Slottsfjellsmuseet Tønsberg";"slottsfjellsmuseet_tonsberg";"historie";"Øvrige";"0";"0";"";"places/historie/vestfold/places_historie_vestfold_batch6/slottsfjellsmuseet_tonsberg.json"
"Med quiz";"Slottsparken";"slottsparken";"by";"Oslo";"1";"1";"data/quiz/by/slottsparken_sets.json";"places/by/oslo/places/slottsparken.json"
"Med quiz";"Slottsplassen";"slottsplassen";"politikk";"Oslo";"8";"1";"data/quiz/politikk/slottsplassen_sets.json";"places/politikk/oslo/slottsplassen.json"
"Uten quiz";"Slurpen";"slurpen_lakkegata";"historie";"Oslo";"0";"0";"";"places/historie/oslo/places_historie_oslo_kultureiendommer_batch_03/slurpen_lakkegata.json"
"Uten quiz";"Smestad gjenvinningsstasjon";"smestad_gjenvinningsstasjon";"natur";"Oslo";"0";"0";"";"places/natur/oslo/miljo_gjenbruk/smestad_gjenvinningsstasjon.json"
"Uten quiz";"Snertingdal kirke";"snertingdal_kirke";"religion";"Øvrige";"0";"0";"";"places/historie/innlandet/places_historie_innlandet_batch14/snertingdal_kirke.json"
"Uten quiz";"Snippen lekepark";"snippen_lekepark";"by";"Oslo";"0";"0";"";"places/by/oslo/snippen_lekepark.json"
"Uten quiz";"Snublestein: Benno Damelin";"snublestein_benno_damelin_schonings_gate_14";"historie";"Oslo";"0";"0";"";"places/historie/oslo/snublestein/snublestein_benno_damelin_schonings_gate_14.json"
"Uten quiz";"Snublestein: Fanny Steinsapir";"snublestein_fanny_steinsapir_bjerregaards_gate_68";"historie";"Oslo";"0";"0";"";"places/historie/oslo/snublestein/snublestein_fanny_steinsapir_bjerregaards_gate_68.json"
"Uten quiz";"Snublestein: Harry Isidor Mendel";"snublestein_harry_isidor_mendel_ullevalsveien_97";"historie";"Oslo";"0";"0";"";"places/historie/oslo/snublestein/snublestein_harry_isidor_mendel_ullevalsveien_97.json"
"Uten quiz";"Snublestein: Isak Kaplan";"snublestein_isak_kaplan_kirkegardsgata_2";"historie";"Oslo";"0";"0";"";"places/historie/oslo/snublestein/snublestein_isak_kaplan_kirkegardsgata_2.json"
"Uten quiz";"Snublestein: Rebekka Blatt";"snublestein_rebekka_blatt_nordre_gate_13";"historie";"Oslo";"0";"0";"";"places/historie/oslo/snublestein/snublestein_rebekka_blatt_nordre_gate_13.json"
"Uten quiz";"Snublestein: Salomon Bogomolno d.y.";"snublestein_salomon_bogomolno_d_y_jens_bjelkes_gate_64";"historie";"Oslo";"0";"0";"";"places/historie/oslo/snublestein/snublestein_salomon_bogomolno_d_y_jens_bjelkes_gate_64.json"
"Med quiz";"Sofienberg kirke";"sofienberg_kirke";"religion";"Oslo";"1";"1";"data/quiz/historie/sofienberg_kirke_sets.json";"places/by/oslo/sofienberg_kirke/sofienberg_kirke.json"
"Med quiz";"Sofienbergparken";"sofienbergparken";"by";"Oslo";"1";"1";"data/quiz/by/sofienbergparken_sets.json";"places/by/oslo/sofienbergparken.json"
"Uten quiz";"Sofienbergparken gjenvinningsstasjon";"sofienbergparken_gjenvinningsstasjon";"natur";"Oslo";"0";"0";"";"places/natur/oslo/miljo_gjenbruk/sofienbergparken_gjenvinningsstasjon.json"
"Uten quiz";"Sogn miljøstasjon";"sogn_miljostasjon";"natur";"Oslo";"0";"0";"";"places/natur/oslo/miljo_gjenbruk/sogn_miljostasjon.json"
"Uten quiz";"Sognsvann";"sognsvann";"natur";"Oslo";"0";"0";"";"places/natur/oslo/sognsvann.json"
"Med quiz";"Sola / Erling Skjalgssons maktlandskap";"sola_erling_skjalgsson";"historie";"Øvrige";"1";"1";"data/quiz/historie/places_historie_norge_for_1500_batch_01_sets.json";"places/historie/norge/places_historie_norge_for_1500_batch1/sola_erling_skjalgsson.json"
"Uten quiz";"Solberg Spinderi";"solberg_spinderi";"naeringsliv";"Øvrige";"0";"0";"";"places/naeringsliv/buskerud/solberg_spinderi/solberg_spinderi.json"
"Uten quiz";"Solbergfeltet helleristninger";"solbergfeltet_helleristninger";"historie";"Øvrige";"0";"0";"";"places/historie/ostfold/places_historie_ostfold_batch1/solbergfeltet_helleristninger.json"
"Uten quiz";"Solør museum / Flisa";"solor_museum_flisa";"historie";"Øvrige";"0";"0";"";"places/historie/innlandet/places_historie_innlandet_batch8/solor_museum_flisa.json"
"Uten quiz";"Son ladested";"son_ladested";"by";"Øvrige";"0";"0";"";"places/by/akershus/son_ladested/son_ladested.json"
"Uten quiz";"Spangereid kirke Lindesnes";"spangereid_kirke_lindesnes";"religion";"Øvrige";"0";"0";"";"places/historie/agder/spangereid_kirke_lindesnes/spangereid_kirke_lindesnes.json"
"Uten quiz";"Spangereidkanalen Lindesnes";"spangereidkanalen_lindesnes";"by";"Øvrige";"0";"0";"";"places/by/agder/spangereidkanalen_lindesnes/spangereidkanalen_lindesnes.json"
"Med quiz";"Spikersuppa";"spikersuppa";"by";"Oslo";"1";"1";"data/quiz/by/spikersuppa_sets.json";"places/by/oslo/places/spikersuppa.json"
"Uten quiz";"Sporveismuseet";"sporveismuseet";"historie";"Oslo";"0";"0";"";"places/historie/oslo/places_historie_oslo_kultureiendommer_batch_10/sporveismuseet.json"
"Uten quiz";"Spydeberg kirke";"spydeberg_kirke";"religion";"Øvrige";"0";"0";"";"places/historie/ostfold/places_historie_ostfold_batch6/spydeberg_kirke.json"
"Uten quiz";"Spydeberg prestegård / Spydebergstatsrådet";"spydeberg_prestegard_1814";"politikk";"Øvrige";"0";"0";"";"places/politikk/ostfold/spydeberg_prestegard_1814/spydeberg_prestegard_1814.json"
"Uten quiz";"St. Hallvard kirke og kloster";"st_hallvard_kirke_kloster";"religion";"Oslo";"0";"0";"";"places/historie/oslo/places_historie_added_batch_01/st_hallvard_kirke_kloster.json"
"Med quiz";"St. Halvard bryggeri";"st_halvard_bryggeri";"naeringsliv";"Oslo";"5";"1";"data/quiz/naeringsliv/st_halvard_bryggeri_sets_merged.json";"places/naeringsliv/oslo/places_naeringsliv/st_halvard_bryggeri.json"
"Med quiz";"St. Hanshaugen park";"st_hanshaugen_park";"by";"Oslo";"1";"1";"data/quiz/by/st_hanshaugen_park_sets.json";"places/by/oslo/places/st_hanshaugen_park.json"
"Uten quiz";"Stamford Bridge";"stamford_bridge_london";"sport";"Øvrige";"0";"0";"";"places/sport/europa/england/footballgrounds_london/stamford_bridge_london.json"
"Med quiz";"Stamford Bridge battlefield";"stamford_bridge_battlefield";"historie";"Øvrige";"1";"1";"data/quiz/historie/places_historie_norge_for_1500_batch_05_sets.json";"places/historie/norge/places_historie_norge_for_1500_batch4/stamford_bridge_battlefield.json"
"Med quiz";"Stampehaug på Meland";"stampehaug_meland";"historie";"Øvrige";"1";"1";"data/quiz/historie/stampehaug_meland_sets.json";"places/historie/vestland/etne/stampehaug_meland.json"
"Uten quiz";"Stange kirke";"stange_kirke";"religion";"Øvrige";"0";"0";"";"places/historie/innlandet/places_historie_innlandet_batch4/stange_kirke.json"
"Uten quiz";"Stange stasjon / Dovrebanen";"stange_stasjon_dovrebanen";"by";"Øvrige";"0";"0";"";"places/by/innlandet/stange_stasjon_dovrebanen/stange_stasjon_dovrebanen.json"
"Uten quiz";"Startup Lisboa / Rua da Prata";"lisbon_startup_lisboa_rua_da_prata";"naeringsliv";"Lisboa";"0";"0";"";"places/naeringsliv/europe/portugal/lisbon/places_lisbon_naeringsliv/lisbon_startup_lisboa_rua_da_prata.json"
"Uten quiz";"Statsministerboligen";"statsministerboligen";"politikk";"Oslo";"0";"0";"";"places/politikk/oslo/places_politikk/statsministerboligen.json"
"Uten quiz";"Stattholdergården";"stattholdergarden";"historie";"Oslo";"0";"0";"";"places/historie/oslo/places_historie_oslo_oppdag_kvadraturen_batch_02/stattholdergarden.json"
"Uten quiz";"Stavanger";"stavanger";"by";"Øvrige";"0";"0";"";"places/by/rogaland/stavanger/stavanger.json"
"Uten quiz";"Steen & Strøm";"steen_og_strom";"naeringsliv";"Oslo";"0";"0";"";"places/naeringsliv/oslo/places_naeringsliv_oslo_oppdag_kvadraturen_batch_01/steen_og_strom.json"
"Uten quiz";"Steilene";"steilene";"historie";"Øvrige";"0";"0";"";"places/historie/akershus/steilene.json"
"Uten quiz";"Stein gård / Halvdanshaugen";"stein_gard_halvdanshaugen";"historie";"Øvrige";"0";"0";"";"places/historie/buskerud/places_historie_buskerud_batch3/stein_gard_halvdanshaugen.json"
"Med quiz";"Stein på Ringerike / Halvdanshaugen";"stein_ringerike_halvdanshaugen";"historie";"Øvrige";"1";"1";"data/quiz/historie/places_historie_norge_for_1500_batch_02_sets.json";"places/historie/norge/places_historie_norge_for_1500_batch2/stein_ringerike_halvdanshaugen.json"
"Med quiz";"Steine-Heio bygdeborg";"steine_heio_bygdeborg";"historie";"Øvrige";"1";"1";"data/quiz/historie/steine_heio_bygdeborg_sets.json";"places/historie/vestland/etne/steine_heio_bygdeborg.json"
"Uten quiz";"Steinsvollen fotballanlegg";"steinsvollen_fotballanlegg";"sport";"Øvrige";"0";"0";"";"places/sport/vestland/etne/steinsvollen_fotballanlegg/steinsvollen_fotballanlegg.json"
"Uten quiz";"Stenberg / Toten museum";"stenberg_toten_museum";"historie";"Øvrige";"0";"0";"";"places/historie/innlandet/places_historie_innlandet_batch7/stenberg_toten_museum.json"
"Med quiz";"Stensparken";"stensparken";"by";"Oslo";"1";"1";"data/quiz/by/stensparken_sets.json";"places/by/oslo/places/stensparken.json"
"Med quiz";"Stiklestad";"stiklestad";"historie";"Øvrige";"1";"1";"data/quiz/historie/places_historie_norge_for_1500_batch_01_sets.json";"places/historie/norge/places_historie_norge_for_1500_batch1/stiklestad.json"
"Uten quiz";"STK PEX-kabeltårnet";"stk_pex_kabeltarnet";"vitenskap";"Oslo";"0";"0";"";"places/vitenskap/oslo/places_vitenskap/stk_pex_kabeltarnet.json"
"Uten quiz";"Stokke kirke";"stokke_kirke_sandefjord";"religion";"Øvrige";"0";"0";"";"places/historie/vestfold/places_historie_vestfold_batch4/stokke_kirke_sandefjord.json"
"Uten quiz";"Stordalsvatnet";"stordalsvatnet_etne";"natur";"Øvrige";"0";"0";"";"places/natur/vestland/stordalsvatnet_etne/stordalsvatnet_etne.json"
"Med quiz";"Storgata";"storgata";"by";"Oslo";"1";"1";"data/quiz/by/storgata_sets.json";"places/by/oslo/places/storgata.json"
"Med quiz";"Stortinget";"stortinget";"politikk";"Oslo";"8";"1";"data/quiz/politikk/stortinget_sets.json";"places/politikk/oslo/places_politikk/stortinget.json"
"Med quiz";"Stortorget";"stortorget";"by";"Oslo";"1";"1";"data/quiz/by/stortorget_sets.json";"places/by/oslo/places_by_oslo_oppdag_kvadraturen_batch_03/stortorget.json"
"Uten quiz";"Stovnertårnet";"stovnertarnet";"subkultur";"Oslo";"0";"0";"";"places/subkultur/oslo/places_subkultur/stovnertarnet.json"
"Uten quiz";"Strømsfoss sluser";"stromsfoss_sluser";"by";"Øvrige";"0";"0";"";"places/by/ostfold/stromsfoss_sluser/stromsfoss_sluser.json"
"Uten quiz";"Stubljan-paviljongen i Hvervenbukta";"stubljan_paviljongen_hvervenbukta";"historie";"Oslo";"0";"0";"";"places/historie/oslo/places_historie_oslo_kultureiendommer_batch_07/stubljan_paviljongen_hvervenbukta.json"
"Uten quiz";"Studio Bergen / Carte Blanche";"studio_bergen_carte_blanche";"scenekunst";"Øvrige";"0";"0";"";"places/scenekunst/vestland/studio_bergen_carte_blanche/studio_bergen_carte_blanche.json"
"Uten quiz";"Stunner steinalderboplass";"stunner_boplass";"historie";"Øvrige";"0";"0";"";"places/historie/akershus/places_historie_akershus_batch3/stunner_boplass.json"
"Med quiz";"Stødle kyrkje";"stodle_kyrkje";"religion";"Øvrige";"1";"1";"data/quiz/historie/stodle_kyrkje_sets.json";"places/historie/vestland/etne/stodle_kyrkje.json"
"Uten quiz";"Sub Scene";"sub_scene";"subkultur";"Oslo";"0";"0";"";"places/subkultur/oslo/places_subkultur/sub_scene.json"
"Uten quiz";"Sukkerbiten badstulandsby";"sukkerbiten_badstulandsby";"by";"Oslo";"0";"0";"";"places/by/oslo/places/sukkerbiten_badstulandsby.json"
"Uten quiz";"Suldalslågen";"suldalslagen";"natur";"Øvrige";"0";"0";"";"places/natur/rogaland/suldalslagen/suldalslagen.json"
"Uten quiz";"Suldalsvatnet";"suldalsvatnet";"natur";"Øvrige";"0";"0";"";"places/natur/rogaland/suldalsvatnet/suldalsvatnet.json"
"Uten quiz";"Sundvollen Hotell / skysskifte";"sundvollen_hotell_skysskifte";"naeringsliv";"Øvrige";"0";"0";"";"places/naeringsliv/buskerud/sundvollen_hotell_skysskifte/sundvollen_hotell_skysskifte.json"
"Uten quiz";"Sunnhordland Mekaniske Verkstad";"sunnhordland_mek_verkstad_leknestangen";"naeringsliv";"Øvrige";"0";"0";"";"places/naeringsliv/vestland/etne/sunnhordland_mek_verkstad_leknestangen/sunnhordland_mek_verkstad_leknestangen.json"
"Uten quiz";"Svandalsfossen";"svandalsfossen";"natur";"Øvrige";"0";"0";"";"places/natur/rogaland/svandalsfossen/svandalsfossen.json"
"Uten quiz";"Svarstad kirke / Lågendalen";"svarstad_kirke_lardal";"religion";"Øvrige";"0";"0";"";"places/historie/vestfold/places_historie_vestfold_batch6/svarstad_kirke_lardal.json"
"Med quiz";"Svartdalen";"svartdalen";"natur";"Oslo";"1";"1";"data/quiz/natur/svartdalen_sets.json";"places/natur/oslo/places_oslo_natur_alnaelva_rute/svartdalen.json"
"Uten quiz";"Svartlamon";"svartlamon_trondheim";"subkultur";"Øvrige";"0";"0";"";"places/subkultur/trondelag/svartlamon_trondheim/svartlamon_trondheim.json"
"Uten quiz";"Svelgfoss kraftverk";"svelgfoss_kraftverk_notodden";"naeringsliv";"Øvrige";"0";"0";"";"places/naeringsliv/telemark/svelgfoss_kraftverk_notodden/svelgfoss_kraftverk_notodden.json"
"Uten quiz";"Sygard Grytting / pilegrimsgård";"sygard_grytting_pilegrimsgard";"historie";"Øvrige";"0";"0";"";"places/historie/innlandet/places_historie_innlandet_batch5/sygard_grytting_pilegrimsgard.json"
"Med quiz";"Sæbøtunet";"saebotunet_etne";"historie";"Øvrige";"1";"1";"data/quiz/historie/saebotunet_etne_sets.json";"places/historie/vestland/etne/saebotunet_etne.json"
"Uten quiz";"Sævareidberget landskapsvernområde";"saevareidberget_landskapsvernomrade";"natur";"Øvrige";"0";"0";"";"places/natur/vestland/saevareidberget_landskapsvernomrade/saevareidberget_landskapsvernomrade.json"
"Uten quiz";"Søgne gamle kirke";"sogne_gamle_kirke_kristiansand";"religion";"Øvrige";"0";"0";"";"places/historie/agder/sogne_gamle_kirke_kristiansand/sogne_gamle_kirke_kristiansand.json"
"Uten quiz";"Søgne gamle prestegård";"sogne_gamle_prestegard";"historie";"Øvrige";"0";"0";"";"places/historie/agder/sogne_gamle_prestegard/sogne_gamle_prestegard.json"
"Uten quiz";"Sømna";"soemna";"by";"Øvrige";"0";"0";"";"places/by/nordland/soemna/soemna.json"
"Uten quiz";"Søndeled kirke Risør";"sondeled_kirke_risor";"religion";"Øvrige";"0";"0";"";"places/historie/agder/sondeled_kirke_risor/sondeled_kirke_risor.json"
"Uten quiz";"Sør-Fron kirke / Gudbrandsdalsdomen";"sor_fron_kirke_gudbrandsdalsdomen";"religion";"Øvrige";"0";"0";"";"places/historie/innlandet/places_historie_innlandet_batch6/sor_fron_kirke_gudbrandsdalsdomen.json"
"Med quiz";"Sørenga";"sorenga";"by";"Oslo";"5";"1";"data/quiz/by/sorenga_sets_merged.json";"places/by/oslo/places/sorenga.json"
"Uten quiz";"Sørenga gjenvinningsstasjon";"sorenga_gjenvinningsstasjon";"natur";"Oslo";"0";"0";"";"places/natur/oslo/miljo_gjenbruk/sorenga_gjenvinningsstasjon.json"
"Med quiz";"Sørenga sjøbad";"sorenga_sjobad";"sport";"Øvrige";"1";"1";"data/quiz/sport/sorenga_sjobad_sets.json";"places/sport/europa/norway/oslo_sport/sorenga_sjobad.json"
"Med quiz";"Sørheimsmoen gravfelt";"sorheimsmoen_gravfelt";"historie";"Øvrige";"1";"1";"data/quiz/historie/sorheimsmoen_gravfelt_sets.json";"places/historie/vestland/etne/sorheimsmoen_gravfelt.json"
"Uten quiz";"Sørum kirke";"sorum_kirke";"religion";"Øvrige";"0";"0";"";"places/historie/akershus/places_historie_akershus_batch5/sorum_kirke.json"
"Uten quiz";"Såheim kraftverk Rjukan";"saheim_kraftverk_rjukan";"naeringsliv";"Øvrige";"0";"0";"";"places/naeringsliv/telemark/saheim_kraftverk_rjukan/saheim_kraftverk_rjukan.json"
"Med quiz";"Talgje kyrkje og Talgje-godset";"talgje_kyrkje";"religion";"Øvrige";"1";"1";"data/quiz/historie/places_historie_norge_for_1500_batch_03_sets.json";"places/historie/norge/places_historie_norge_for_1500_batch2/talgje_kyrkje.json"
"Uten quiz";"Tana";"tana";"by";"Øvrige";"0";"0";"";"places/by/finnmark/tana/tana.json"
"Uten quiz";"Tandbergs Radiofabrikk på Kjelsås";"tandbergs_radiofabrikk_kjelsas";"vitenskap";"Oslo";"0";"0";"";"places/vitenskap/oslo/places_vitenskap/tandbergs_radiofabrikk_kjelsas.json"
"Uten quiz";"Tanum kirke";"tanum_kirke";"religion";"Øvrige";"0";"0";"";"places/historie/akershus/places_historie_akershus_batch2/tanum_kirke.json"
"Uten quiz";"Tanum kirke Larvik";"tanum_kirke_larvik";"religion";"Øvrige";"0";"0";"";"places/historie/vestfold/places_historie_vestfold_batch6/tanum_kirke_larvik.json"
"Uten quiz";"Tapada da Ajuda";"lisbon_tapada_da_ajuda";"natur";"Lisboa";"0";"0";"";"places/natur/europe/portugal/lisbon/places_lisbon_natur/lisbon_tapada_da_ajuda.json"
"Uten quiz";"Tapada das Necessidades";"lisbon_tapada_das_necessidades";"natur";"Lisboa";"0";"0";"";"places/natur/europe/portugal/lisbon/places_lisbon_natur/lisbon_tapada_das_necessidades.json"
"Uten quiz";"Taraldsøy";"taraldsoy";"natur";"Øvrige";"0";"0";"";"places/natur/vestland/etne/taraldsoy/taraldsoy.json"
"Uten quiz";"Tasca do Chico";"lisbon_tasca_do_chico";"musikk";"Lisboa";"0";"0";"";"places/musikk/europe/portugal/lisbon/places_lisbon_musikk/lisbon_tasca_do_chico.json"
"Uten quiz";"TBS Gallery";"tbs_gallery";"kunst";"Oslo";"0";"0";"";"places/kunst/oslo/places_kunst/tbs_gallery.json"
"Uten quiz";"Teater Ibsen";"teater_ibsen";"scenekunst";"Øvrige";"0";"0";"";"places/scenekunst/telemark/teater_ibsen/teater_ibsen.json"
"Uten quiz";"Teater Innlandet – Hamar kulturhus";"teater_innlandet_hamar_kulturhus";"scenekunst";"Øvrige";"0";"0";"";"places/scenekunst/innlandet/teater_innlandet_hamar_kulturhus/teater_innlandet_hamar_kulturhus.json"
"Uten quiz";"Teater Manu";"teater_manu";"scenekunst";"Oslo";"0";"0";"";"places/scenekunst/oslo/teater_manu/teater_manu.json"
"Uten quiz";"Teater Vestland – Nynorskhuset";"teater_vestland_nynorskhuset";"scenekunst";"Øvrige";"0";"0";"";"places/scenekunst/vestland/teater_vestland_nynorskhuset/teater_vestland_nynorskhuset.json"
"Uten quiz";"Teateret Kristiansand";"teateret_kristiansand";"scenekunst";"Øvrige";"0";"0";"";"places/scenekunst/agder/teateret_kristiansand/teateret_kristiansand.json"
"Uten quiz";"Teatret Vårt – Plassen";"teatret_vart_plassen";"scenekunst";"Øvrige";"0";"0";"";"places/scenekunst/more_og_romsdal/teatret_vart_plassen/teatret_vart_plassen.json"
"Uten quiz";"Teatro Nacional D. Maria II";"lisbon_teatro_nacional_d_maria_ii";"scenekunst";"Lisboa";"0";"0";"";"places/scenekunst/europe/portugal/lisbon/places_lisbon_scenekunst/lisbon_teatro_nacional_d_maria_ii.json"
"Uten quiz";"Teatro São Luiz";"lisbon_teatro_sao_luiz";"scenekunst";"Lisboa";"0";"0";"";"places/scenekunst/europe/portugal/lisbon/places_lisbon_scenekunst/lisbon_teatro_sao_luiz.json"
"Med quiz";"Teatro Tivoli BBVA";"lisbon_teatro_tivoli_bbva";"scenekunst";"Lisboa";"5";"1";"data/quiz/musikk/Lisboa/lisbon_teatro_tivoli_bbva_sets_merged.json";"places/scenekunst/europe/portugal/lisbon/places_lisbon_scenekunst/lisbon_teatro_tivoli_bbva.json"
"Uten quiz";"Tegnerforbundet – senter for tegnekunst";"tegnerforbundet";"kunst";"Oslo";"0";"0";"";"places/kunst/oslo/places_kunst/tegnerforbundet.json"
"Med quiz";"Telegrafbygningen";"telegrafbygningen";"naeringsliv";"Oslo";"5";"1";"data/quiz/naeringsliv/telegrafbygningen_sets_merged.json";"places/naeringsliv/oslo/places_naeringsliv/telegrafbygningen.json"
"Uten quiz";"Telemarkskanalen / Vrangfoss sluser";"telemarkskanalen_vrangfoss";"by";"Øvrige";"0";"0";"";"places/by/telemark/telemarkskanalen_vrangfoss/telemarkskanalen_vrangfoss.json"
"Med quiz";"Telenor hovedkontor – Fornebu";"fornebu_teknologipark";"naeringsliv";"Øvrige";"5";"1";"data/quiz/naeringsliv/fornebu_teknologipark.json";"places/naeringsliv/akershus/telenor_fornebu.json"
"Uten quiz";"Terminal de Cruzeiros de Lisboa";"lisbon_terminal_de_cruzeiros";"naeringsliv";"Lisboa";"0";"0";"";"places/naeringsliv/europe/portugal/lisbon/places_lisbon_naeringsliv/lisbon_terminal_de_cruzeiros.json"
"Uten quiz";"Terrasselandskapet i Etne";"terrasselandskapet_etne";"natur";"Øvrige";"0";"0";"";"places/natur/vestland/etne/terrasselandskapet_etne/terrasselandskapet_etne.json"
"Uten quiz";"Tertitten / Urskog-Hølandsbanen";"tertitten_urskog_holandsbanen";"by";"Øvrige";"0";"0";"";"places/by/akershus/tertitten_urskog_holandsbanen/tertitten_urskog_holandsbanen.json"
"Med quiz";"Tesdal gravfelt";"tesdal_gravfelt";"historie";"Øvrige";"1";"1";"data/quiz/historie/tesdal_gravfelt_sets.json";"places/historie/vestland/etne/tesdal_gravfelt.json"
"Uten quiz";"The Den";"the_den_london";"sport";"Øvrige";"0";"0";"";"places/sport/europa/england/footballgrounds_london/the_den_london.json"
"Med quiz";"The Mini Bottle Gallery";"the_mini_bottle_gallery";"historie";"Oslo";"1";"1";"data/quiz/historie/the_mini_bottle_gallery_sets.json";"places/historie/oslo/places_historie/the_mini_bottle_gallery.json"
"Uten quiz";"The Oslo Gallery";"the_oslo_gallery";"kunst";"Oslo";"0";"0";"";"places/kunst/oslo/places_kunst/the_oslo_gallery.json"
"Uten quiz";"The Salmon – kunnskapssenter";"the_salmon_vitensenter";"naeringsliv";"Oslo";"0";"0";"";"places/naeringsliv/oslo/places_naeringsliv/the_salmon_vitensenter.json"
"Uten quiz";"The Valley";"the_valley_london";"sport";"Øvrige";"0";"0";"";"places/sport/europa/england/footballgrounds_london/the_valley_london.json"
"Uten quiz";"The Viking Planet Oslo";"viking_planet_oslo";"historie";"Oslo";"0";"0";"";"places/historie/oslo/places_historie/viking_planet_oslo.json"
"Uten quiz";"The Villa";"the_villa";"musikk";"Oslo";"0";"0";"";"places/subkultur/oslo/places_subkultur/the_villa.json"
"Med quiz";"Tigerstatuen";"tigeren";"by";"Oslo";"1";"1";"data/quiz/by/tigeren_sets.json";"places/by/oslo/places/tigeren.json"
"Uten quiz";"Tinfos industrimiljø Notodden";"tinfos_industrimiljo_notodden";"naeringsliv";"Øvrige";"0";"0";"";"places/naeringsliv/telemark/tinfos_industrimiljo_notodden/tinfos_industrimiljo_notodden.json"
"Uten quiz";"Tingelstad gamle kirke";"tingelstad_gamle_kirke";"religion";"Øvrige";"0";"0";"";"places/historie/innlandet/places_historie_innlandet_batch11/tingelstad_gamle_kirke.json"
"Uten quiz";"Tingvatn fornminnepark Hægebostad";"tingvatn_fornminnepark_haegebostad";"historie";"Øvrige";"0";"0";"";"places/historie/agder/tingvatn_fornminnepark_haegebostad/tingvatn_fornminnepark_haegebostad.json"
"Uten quiz";"Tinn Museum Austbygde";"tinn_museum_austbygde";"historie";"Øvrige";"0";"0";"";"places/historie/telemark/places_historie_telemark_batch7/tinn_museum_austbygde.json"
"Uten quiz";"Tinnoset stasjon / Tinnosbanen";"tinnoset_stasjon_tinnosbanen";"by";"Øvrige";"0";"0";"";"places/by/telemark/tinnoset_stasjon_tinnosbanen/tinnoset_stasjon_tinnosbanen.json"
"Uten quiz";"Tjernsmyr salamanderlokalitet";"tjernsmyr_salamanderlokalitet";"natur";"Øvrige";"0";"0";"";"places/natur/akershus/tjernsmyr_salamanderlokalitet.json"
"Med quiz";"Tjuvholmen";"tjuvholmen";"by";"Oslo";"1";"1";"data/quiz/by/tjuvholmen_sets.json";"places/by/oslo/places/tjuvholmen.json"
"Uten quiz";"Tjølling kirke";"tjolling_kirke_larvik";"religion";"Øvrige";"0";"0";"";"places/historie/vestfold/places_historie_vestfold_batch2/tjolling_kirke_larvik.json"
"Uten quiz";"Tjøme kirke";"tjome_kirke_faerder";"religion";"Øvrige";"0";"0";"";"places/historie/vestfold/places_historie_vestfold_batch4/tjome_kirke_faerder.json"
"Uten quiz";"Tobis Portuguesa";"lisbon_tobis_portuguesa";"film_tv";"Lisboa";"0";"0";"";"places/film_tv/europe/portugal/lisbon/places_lisbon_film_tv/lisbon_tobis_portuguesa.json"
"Uten quiz";"Tolga kirke";"tolga_kirke";"religion";"Øvrige";"0";"0";"";"places/historie/innlandet/places_historie_innlandet_batch15/tolga_kirke.json"
"Uten quiz";"Tolga-Os museum / Dølmotunet";"tolga_os_museum";"historie";"Øvrige";"0";"0";"";"places/historie/innlandet/places_historie_innlandet_batch3/tolga_os_museum.json"
"Med quiz";"Tollboden";"tollboden_oslo";"naeringsliv";"Oslo";"1";"1";"data/quiz/naeringsliv/tollboden_oslo_sets.json";"places/naeringsliv/oslo/places_naeringsliv_oslo_oppdag_kvadraturen_batch_04/tollboden_oslo.json"
"Med quiz";"Tollbukaia";"tollbukaia";"naeringsliv";"Oslo";"5";"1";"data/quiz/naeringsliv/tollbukaia_sets_merged.json";"places/naeringsliv/oslo/places_naeringsliv/tollbukaia.json"
"Uten quiz";"Tollerodden Larvik";"tollerodden_larvik";"by";"Øvrige";"0";"0";"";"places/by/vestfold/tollerodden_larvik/tollerodden_larvik.json"
"Med quiz";"Tollpakkhuset";"tollpakkhuset";"naeringsliv";"Oslo";"1";"1";"data/quiz/naeringsliv/tollpakkhuset_sets.json";"places/naeringsliv/oslo/places_naeringsliv_oslo_oppdag_kvadraturen_batch_04/tollpakkhuset.json"
"Uten quiz";"Tomb herregård og landbruksskole";"tomb_herregard";"historie";"Øvrige";"0";"0";"";"places/historie/ostfold/places_historie_ostfold_batch5/tomb_herregard.json"
"Uten quiz";"Tonstad kirke Sirdal";"tonstad_kirke_sirdal";"religion";"Øvrige";"0";"0";"";"places/historie/agder/tonstad_kirke_sirdal/tonstad_kirke_sirdal.json"
"Uten quiz";"Tonstad kraftverk Sirdal";"tonstad_kraftverk_sirdal";"naeringsliv";"Øvrige";"0";"0";"";"places/naeringsliv/agder/tonstad_kraftverk_sirdal/tonstad_kraftverk_sirdal.json"
"Med quiz";"Tore Hunds naust og monument på Bjarkøy";"bjarkoy_tore_hund";"historie";"Øvrige";"1";"1";"data/quiz/historie/places_historie_norge_for_1500_batch_02_sets.json";"places/historie/norge/places_historie_norge_for_1500_batch2/bjarkoy_tore_hund.json"
"Med quiz";"Torggata";"torggata";"by";"Oslo";"1";"1";"data/quiz/by/torggata_sets.json";"places/by/oslo/places/torggata.json"
"Med quiz";"Torggata Blad";"torggata_blad";"subkultur";"Oslo";"1";"1";"data/quiz/subkultur/torggata_blad_sets.json";"places/subkultur/oslo/places_subkultur/torggata_blad.json"
"Uten quiz";"Torpo stavkirke";"torpo_stavkirke";"religion";"Øvrige";"0";"0";"";"places/historie/buskerud/places_historie_buskerud_batch2/torpo_stavkirke.json"
"Uten quiz";"Torre de Belém";"lisbon_torre_de_belem";"historie";"Lisboa";"0";"0";"";"places/historie/europe/portugal/lisbon/places_lisbon_historie/lisbon_torre_de_belem.json"
"Uten quiz";"Torshov";"torshov";"by";"Oslo";"0";"0";"";"places/by/oslo/places/torshov.json"
"Uten quiz";"Torshovdalen";"torshovdalen";"by";"Oslo";"0";"0";"";"places/by/oslo/torshovdalen.json"
"Uten quiz";"Torshovparken";"torshovparken";"by";"Oslo";"0";"0";"";"places/by/oslo/places/torshovparken.json"
"Uten quiz";"Torungen fyr Arendal";"torungen_fyr_arendal";"by";"Øvrige";"0";"0";"";"places/by/agder/torungen_fyr_arendal/torungen_fyr_arendal.json"
"Uten quiz";"Tottenham Hotspur Stadium";"tottenham_hotspur_stadium_london";"sport";"Øvrige";"0";"0";"";"places/sport/europa/england/footballgrounds_london/tottenham_hotspur_stadium_london.json"
"Uten quiz";"Tou";"tou_stavanger";"subkultur";"Øvrige";"0";"0";"";"places/subkultur/rogaland/tou_stavanger/tou_stavanger.json"
"Uten quiz";"Tram 28 (Eléctrico 28)";"lisbon_tram_28";"by";"Lisboa";"0";"0";"";"places/by/europe/portugal/lisbon/lisbon_tram_28.json"
"Uten quiz";"Trandumskogen";"trandumskogen";"historie";"Øvrige";"0";"0";"";"places/historie/akershus/places_historie_akershus_batch1/trandumskogen.json"
"Med quiz";"Trefoldighetskirken";"trefoldighetskirken";"religion";"Oslo";"5";"1";"data/quiz/religion/trefoldighetskirken_sets.json";"places/religion/oslo/trefoldighetskirken/trefoldighetskirken.json"
"Uten quiz";"Trefoldighetskirken Arendal";"trefoldighetskirken_arendal";"religion";"Øvrige";"0";"0";"";"places/by/agder/trefoldighetskirken_arendal/trefoldighetskirken_arendal.json"
"Uten quiz";"Treschowgården";"treschowgarden";"naeringsliv";"Oslo";"0";"0";"";"places/naeringsliv/oslo/places_naeringsliv_oslo_oppdag_kvadraturen_batch_01/treschowgarden.json"
"Uten quiz";"Tretten kirke";"tretten_kirke";"religion";"Øvrige";"0";"0";"";"places/historie/innlandet/places_historie_innlandet_batch18/tretten_kirke.json"
"Uten quiz";"Treungen stasjon / Treungenbanen";"treungen_stasjon_treungenbanen";"by";"Øvrige";"0";"0";"";"places/by/telemark/treungen_stasjon_treungenbanen/treungen_stasjon_treungenbanen.json"
"Uten quiz";"Tribunal Constitucional / Palácio Ratton";"lisbon_tribunal_constitucional";"politikk";"Lisboa";"0";"0";"";"places/politikk/europe/portugal/lisbon/places_lisbon_politikk/lisbon_tribunal_constitucional.json"
"Med quiz";"Trikkelinje 17/18";"trikk_17_18";"by";"Oslo";"1";"1";"data/quiz/by/trikk_17_18_sets.json";"places/by/oslo/places/trikk_17_18.json"
"Uten quiz";"Trikkestallen Skatepark";"trikkestallen_skatepark_trondheim";"subkultur";"Øvrige";"0";"0";"";"places/subkultur/trondelag/trikkestallen_skatepark_trondheim/trikkestallen_skatepark_trondheim.json"
"Uten quiz";"Tromsø";"tromso";"by";"Øvrige";"0";"0";"";"places/by/troms/tromso/tromso.json"
"Uten quiz";"Tromøy kirke Arendal";"tromoy_kirke_arendal";"religion";"Øvrige";"0";"0";"";"places/historie/agder/tromoy_kirke_arendal/tromoy_kirke_arendal.json"
"Med quiz";"Tronsmo Bokhandel";"tronsmo_bokhandel";"litteratur";"Oslo";"1";"1";"data/quiz/litteratur/tronsmo_bokhandel.json";"places/litteratur/oslo/places_litteratur/tronsmo_bokhandel.json"
"Uten quiz";"Trosterud gjenvinningsstasjon";"trosterud_gjenvinningsstasjon";"natur";"Oslo";"0";"0";"";"places/natur/oslo/miljo_gjenbruk/trosterud_gjenvinningsstasjon.json"
"Uten quiz";"Trosterudvillaen";"trosterudvillaen";"historie";"Oslo";"0";"0";"";"places/historie/oslo/places_historie_oslo_kultureiendommer_batch_08/trosterudvillaen.json"
"Uten quiz";"Trysil bygdetun";"trysil_bygdetun";"historie";"Øvrige";"0";"0";"";"places/historie/innlandet/places_historie_innlandet_batch8/trysil_bygdetun.json"
"Uten quiz";"Trøgstad fort";"trogstad_fort";"historie";"Øvrige";"0";"0";"";"places/historie/ostfold/places_historie_ostfold_batch4/trogstad_fort.json"
"Uten quiz";"Trøgstad kirke";"trogstad_kirke";"religion";"Øvrige";"0";"0";"";"places/historie/ostfold/places_historie_ostfold_batch6/trogstad_kirke.json"
"Uten quiz";"Trøndelag Teater";"trondelag_teater";"scenekunst";"Øvrige";"0";"0";"";"places/scenekunst/trondelag/trondelag_teater/trondelag_teater.json"
"Med quiz";"Tullin";"tullin";"by";"Oslo";"1";"1";"data/quiz/by/tullin_sets.json";"places/by/oslo/places/tullin.json"
"Uten quiz";"Tune kirke og kirkested";"tune_kirke_kirkested";"religion";"Øvrige";"0";"0";"";"places/historie/ostfold/places_historie_ostfold_batch5/tune_kirke_kirkested.json"
"Uten quiz";"Tune-skipets funnsted";"tune_skipet_funnsted";"historie";"Øvrige";"0";"0";"";"places/historie/ostfold/places_historie_ostfold_batch1/tune_skipet_funnsted.json"
"Uten quiz";"Turnéteatret i Trøndelag";"turneteatret_i_trondelag";"scenekunst";"Øvrige";"0";"0";"";"places/scenekunst/trondelag/turneteatret_i_trondelag/turneteatret_i_trondelag.json"
"Uten quiz";"Tvedestrand byhistorie og havn";"tvedestrand_byhistorie_og_havn";"by";"Øvrige";"0";"0";"";"places/by/agder/tvedestrand_byhistorie_og_havn/tvedestrand_byhistorie_og_havn.json"
"Uten quiz";"Tveita miljøstasjon";"tveita_miljostasjon";"natur";"Oslo";"0";"0";"";"places/natur/oslo/miljo_gjenbruk/tveita_miljostasjon.json"
"Uten quiz";"Tvergastein";"tvergastein";"vitenskap";"Oslo";"0";"0";"";"places/vitenskap/oslo/places_vitenskap/tvergastein.json"
"Uten quiz";"Tveten gård";"tveten_gard";"historie";"Oslo";"0";"0";"";"places/historie/oslo/places_historie_oslo_kultureiendommer_batch_10/tveten_gard.json"
"Uten quiz";"Tyholmen Arendal";"tyholmen_arendal_byhistorie";"by";"Øvrige";"0";"0";"";"places/by/agder/tyholmen_arendal_byhistorie/tyholmen_arendal_byhistorie.json"
"Uten quiz";"Tylldalen bygdetun";"tylldalen_bygdetun";"historie";"Øvrige";"0";"0";"";"places/historie/innlandet/places_historie_innlandet_batch9/tylldalen_bygdetun.json"
"Uten quiz";"Tynset bygdemuseum";"tynset_bygdemuseum";"historie";"Øvrige";"0";"0";"";"places/historie/innlandet/places_historie_innlandet_batch6/tynset_bygdemuseum.json"
"Uten quiz";"Tynset stasjon / Rørosbanen";"tynset_stasjon_rorosbanen";"by";"Øvrige";"0";"0";"";"places/by/innlandet/tynset_stasjon_rorosbanen/tynset_stasjon_rorosbanen.json"
"Uten quiz";"Tønsberg domkirke";"tonsberg_domkirke";"religion";"Øvrige";"0";"0";"";"places/historie/vestfold/places_historie_vestfold_batch5/tonsberg_domkirke.json"
"Uten quiz";"Tønsberg stasjon / Vestfoldbanen";"tonsberg_stasjon_vestfoldbanen";"by";"Øvrige";"0";"0";"";"places/by/vestfold/tonsberg_stasjon_vestfoldbanen/tonsberg_stasjon_vestfoldbanen.json"
"Uten quiz";"Tøyen hovedgård";"toyen_hovedgard";"historie";"Oslo";"0";"0";"";"places/historie/oslo/places_historie/toyen_hovedgard.json"
"Med quiz";"Tøyen torg";"toyen_torg";"by";"Oslo";"1";"1";"data/quiz/by/toyen_torg_sets.json";"places/by/oslo/places/toyen_torg.json"
"Uten quiz";"Tøyen trafo";"toyen_trafo";"naeringsliv";"Oslo";"0";"0";"";"places/naeringsliv/oslo/places_naeringsliv_oslo_kultureiendommer_batch_04/toyen_trafo.json"
"Uten quiz";"Tøyenbadet";"toyenbadet";"sport";"Øvrige";"0";"0";"";"places/sport/europa/norway/oslo_sport/toyenbadet.json"
"Uten quiz";"UFFA-huset";"uffa_huset_trondheim";"subkultur";"Øvrige";"0";"0";"";"places/subkultur/trondelag/uffa_huset_trondheim/uffa_huset_trondheim.json"
"Uten quiz";"Ulefoss hovedgaard";"ulefoss_hovedgaard";"historie";"Øvrige";"0";"0";"";"places/historie/telemark/places_historie_telemark_batch1/ulefoss_hovedgaard.json"
"Uten quiz";"Ullensaker kirke / Ullinhof kirkested";"ullensaker_kirke_kirkested";"religion";"Øvrige";"0";"0";"";"places/historie/akershus/places_historie_akershus_batch5/ullensaker_kirke_kirkested.json"
"Med quiz";"Ullern";"ullern";"by";"Oslo";"1";"1";"data/quiz/by/ullern_sets.json";"places/by/oslo/places/ullern.json"
"Med quiz";"Ullevål Hageby";"ullevål_hageby";"by";"Oslo";"1";"1";"data/quiz/by/ullevål_hageby_sets.json";"places/by/oslo/places/ullevål_hageby.json"
"Med quiz";"Ullevaal Stadion";"ullevaal_stadion";"sport";"Øvrige";"1";"1";"data/quiz/sport/ullevaal_stadion_sets.json";"places/sport/europa/norway/oslo_sport/ullevaal_stadion.json"
"Uten quiz";"Ullinsvin / Vågå prestegard";"ullinsvin_vagaa_prestegard";"historie";"Øvrige";"0";"0";"";"places/historie/innlandet/places_historie_innlandet_batch13/ullinsvin_vagaa_prestegard.json"
"Uten quiz";"Ulven miljøstasjon";"ulven_miljostasjon";"natur";"Oslo";"0";"0";"";"places/natur/oslo/miljo_gjenbruk/ulven_miljostasjon.json"
"Uten quiz";"Ulvøya";"ulvoya";"by";"Oslo";"0";"0";"";"places/by/oslo/places/ulvoya.json"
"Uten quiz";"Unge Kunstneres Samfund";"unge_kunstneres_samfund";"kunst";"Oslo";"0";"0";"";"places/kunst/oslo/places_kunst/unge_kunstneres_samfund.json"
"Uten quiz";"Union papirfabrikk / Grønland Drammen";"union_papirfabrikk_drammen";"naeringsliv";"Øvrige";"0";"0";"";"places/naeringsliv/buskerud/union_papirfabrikk_drammen/union_papirfabrikk_drammen.json"
"Uten quiz";"Universitetet i Oslo, Blindern";"universitetet_i_oslo_blindern";"vitenskap";"Oslo";"0";"0";"";"places/vitenskap/oslo/places_vitenskap/universitetet_i_oslo_blindern.json"
"Uten quiz";"Universitetets gamle hovedbygning";"universitetets_gamle_hovedbygning";"vitenskap";"Oslo";"0";"0";"";"places/vitenskap/oslo/places_vitenskap/universitetets_gamle_hovedbygning.json"
"Uten quiz";"Universitetets gamle kjemibygning";"universitetets_gamle_kjemi";"vitenskap";"Oslo";"0";"0";"";"places/vitenskap/oslo/places_vitenskap/universitetets_gamle_kjemi.json"
"Med quiz";"Universitetsplassen";"universitetsplassen";"by";"Oslo";"1";"1";"data/quiz/by/universitetsplassen_sets.json";"places/by/oslo/places/universitetsplassen.json"
"Uten quiz";"Uranienborg kirke";"uranienborg_kirke";"religion";"Oslo";"0";"0";"";"places/by/oslo/places/uranienborg_kirke.json"
"Uten quiz";"Uvdal stavkirke";"uvdal_stavkirke";"religion";"Øvrige";"0";"0";"";"places/historie/buskerud/places_historie_buskerud_batch1/uvdal_stavkirke.json"
"Uten quiz";"Vadedammen";"ostensjovannet_nord";"natur";"Oslo";"0";"0";"";"places/natur/oslo/places_oslo_natur_ostensjovannet/ostensjovannet_nord.json"
"Uten quiz";"Valdres Folkemuseum";"valdres_folkemuseum_fagernes";"historie";"Øvrige";"0";"0";"";"places/historie/innlandet/places_historie_innlandet_batch6/valdres_folkemuseum_fagernes.json"
"Med quiz";"Valle Hovin stadion";"valle_hovin_stadion";"sport";"Øvrige";"1";"1";"data/quiz/sport/valle_hovin_stadion_sets.json";"places/sport/europa/norway/oslo_sport/valle_hovin_stadion.json"
"Uten quiz";"Valle i Setesdal";"valle_setesdal";"by";"Øvrige";"0";"0";"";"places/by/agder/valle_setesdal/valle_setesdal.json"
"Uten quiz";"Valle kyrkje Setesdal";"valle_kyrkje_setesdal";"religion";"Øvrige";"0";"0";"";"places/historie/agder/valle_kyrkje_setesdal/valle_kyrkje_setesdal.json"
"Uten quiz";"Valle Sylvsmie håndverkshistorie";"valle_sylvsmie_handverkshistorie";"kunst";"Øvrige";"0";"0";"";"places/kunst/agder/valle_sylvsmie_handverkshistorie/valle_sylvsmie_handverkshistorie.json"
"Med quiz";"Vallhall Arena";"vallhall_arena";"sport";"Øvrige";"1";"1";"data/quiz/sport/vallhall_arena_sets.json";"places/sport/europa/norway/oslo_sport/vallhall_arena.json"
"Uten quiz";"Vallø saltverk";"vallo_saltverk";"naeringsliv";"Øvrige";"0";"0";"";"places/naeringsliv/vestfold/vallo_saltverk/vallo_saltverk.json"
"Uten quiz";"Van Etten";"van_etten";"kunst";"Oslo";"0";"0";"";"places/kunst/oslo/places_kunst/van_etten.json"
"Uten quiz";"Vang kirke Hamar";"vang_kirke_hamar";"religion";"Øvrige";"0";"0";"";"places/historie/innlandet/places_historie_innlandet_batch9/vang_kirke_hamar.json"
"Uten quiz";"Vang stavkirke / opprinnelig kirkested";"vang_stavkirke_tomta_valdres";"historie";"Øvrige";"0";"0";"";"places/historie/innlandet/places_historie_innlandet_batch10/vang_stavkirke_tomta_valdres.json"
"Uten quiz";"Vannes geologiske område";"vannes_geologiske_omrade";"natur";"Øvrige";"0";"0";"";"places/natur/vestland/etne/vannes_geologiske_omrade/vannes_geologiske_omrade.json"
"Uten quiz";"Vanse kirke Farsund";"vanse_kirke_farsund";"religion";"Øvrige";"0";"0";"";"places/historie/agder/vanse_kirke_farsund/vanse_kirke_farsund.json"
"Med quiz";"Vardahaugen på Lauareid";"vardahaugen_lauareid";"historie";"Øvrige";"1";"1";"data/quiz/historie/vardahaugen_lauareid_sets.json";"places/historie/vestland/etne/vardahaugen_lauareid.json"
"Med quiz";"Varhaug gravrøys";"varhaug_nervik";"historie";"Øvrige";"1";"1";"data/quiz/historie/varhaug_nervik_sets.json";"places/historie/vestland/etne/varhaug_nervik.json"
"Uten quiz";"Varna Kartring";"varna_kartring";"sport";"Øvrige";"0";"0";"";"places/sport/europa/norway/places_motorsport_ostlandet/varna_kartring.json"
"Med quiz";"Varteig kirke og Inga fra Varteig-landskapet";"varteig_kirke";"religion";"Øvrige";"1";"1";"data/quiz/historie/places_historie_norge_for_1500_batch_03_sets.json";"places/historie/norge/places_historie_norge_for_1500_batch2/varteig_kirke.json"
"Med quiz";"Vaterland – historisk elveløp";"vaterland_historisk_elvelop";"historie";"Oslo";"6";"1";"data/quiz/by/vaterland_historisk_elvelop_sets.json";"places/natur/oslo/places_oslo_natur_akerselvarute/vaterland_historisk_elvelop.json"
"Uten quiz";"Vaterland Bar & Scene";"vaterland_bar_scene";"subkultur";"Oslo";"0";"0";"";"places/subkultur/oslo/places_subkultur/vaterland_bar_scene.json"
"Med quiz";"Vaterlandsparken";"vaterlandsparken";"by";"Oslo";"1";"1";"data/quiz/by/vaterlandsparken_sets.json";"places/natur/oslo/places_oslo_natur_akerselvarute/vaterlandsparken.json"
"Uten quiz";"Vaulaelva og Vaulovassdraget";"vaulaelva_vassdraget";"natur";"Øvrige";"0";"0";"";"places/natur/vestland/etne/vaulaelva_vassdraget/vaulaelva_vassdraget.json"
"Uten quiz";"Vega Scene";"vega_scene";"scenekunst";"Oslo";"0";"0";"";"places/scenekunst/oslo/vega_scene/vega_scene.json"
"Uten quiz";"Vegårshei kirke";"vegarshei_kirke";"religion";"Øvrige";"0";"0";"";"places/historie/agder/vegarshei_kirke/vegarshei_kirke.json"
"Uten quiz";"Veien Kulturminnepark";"veien_kulturminnepark";"historie";"Øvrige";"0";"0";"";"places/historie/buskerud/places_historie_buskerud_batch1/veien_kulturminnepark.json"
"Uten quiz";"Vemork / Rjukan industriarv";"vemork_rjukan_industriarv";"naeringsliv";"Øvrige";"0";"0";"";"places/naeringsliv/telemark/vemork_rjukan_industriarv/vemork_rjukan_industriarv.json"
"Uten quiz";"Verdensparken parkour";"verdensparken_parkour";"sport";"Øvrige";"0";"0";"";"places/sport/europa/norway/urban_movement/verdensparken_parkour/verdensparken_parkour.json"
"Uten quiz";"Vest-Agder-museet Kongsgård";"vest_agder_museet_kongsgard";"historie";"Øvrige";"0";"0";"";"places/historie/agder/vest_agder_museet_kongsgard/vest_agder_museet_kongsgard.json"
"Uten quiz";"Vest-Telemark Museum Eidsborg";"vest_telemark_museum_eidsborg";"historie";"Øvrige";"0";"0";"";"places/historie/telemark/places_historie_telemark_batch3/vest_telemark_museum_eidsborg.json"
"Uten quiz";"Vestre gravlund";"vestre_gravlund";"historie";"Oslo";"0";"0";"";"places/historie/oslo/places_historie/vestre_gravlund.json"
"Uten quiz";"Vestre Moland kirke Lillesand";"vestre_moland_kirke_lillesand";"religion";"Øvrige";"0";"0";"";"places/historie/agder/vestre_moland_kirke_lillesand/vestre_moland_kirke_lillesand.json"
"Uten quiz";"Vettakollen";"vettakollen";"natur";"Oslo";"0";"0";"";"places/natur/oslo/places_natur/vettakollen.json"
"Med quiz";"VG-huset";"vg_huset";"media";"Oslo";"6";"1";"data/quiz/media/vg_huset_sets.json";"places/media/oslo/places_oslo_media/vg_huset.json"
"Uten quiz";"Victoria terrasse";"victoria_terrasse";"politikk";"Oslo";"0";"0";"";"places/politikk/oslo/places_politikk/victoria_terrasse.json"
"Uten quiz";"Vigeland hovedgård Lindesnes";"vigeland_hovedgard_lindesnes";"historie";"Øvrige";"0";"0";"";"places/historie/agder/vigeland_hovedgard_lindesnes/vigeland_hovedgard_lindesnes.json"
"Uten quiz";"Vigelandmuseet";"vigelandmuseet";"kunst";"Oslo";"0";"0";"";"places/kunst/oslo/places_kunst/vigelandmuseet.json"
"Med quiz";"Vigelandsparken";"vigelandsparken";"by";"Oslo";"7";"7";"data/quiz/by/vigelandsparken_sets.json | data/quiz/kunst/vigelandsparken_set_1.json | data/quiz/kunst/vigelandsparken_set_2.json | data/quiz/kunst/vigelandsparken_set_3.json | data/quiz/kunst/vigelandsparken_set_4.json | data/quiz/kunst/vigelandsparken_set_5.json | data/quiz/kunst/vigelandsparken_set_6.json";"places/by/oslo/places/vigelandsparken.json"
"Uten quiz";"Vika kino";"vika_kino";"by";"Oslo";"0";"0";"";"places/film/oslo/places/vika_kino.json"
"Uten quiz";"Vikaterrassen";"vikaterrassen";"by";"Oslo";"0";"0";"";"places/by/oslo/places/vikaterrassen.json"
"Uten quiz";"Vikedalselva";"vikedalselva";"natur";"Øvrige";"0";"0";"";"places/natur/rogaland/vikedalselva/vikedalselva.json"
"Uten quiz";"Vikedalsvassdraget – Bjønndalen";"vikedalsvassdraget_bjonndalen";"natur";"Øvrige";"0";"0";"";"places/natur/vestland/etne/vikedalsvassdraget_bjonndalen/vikedalsvassdraget_bjonndalen.json"
"Uten quiz";"Vikersund stasjon / Randsfjordbanen";"vikersund_stasjon_randsfjordbanen";"by";"Øvrige";"0";"0";"";"places/by/buskerud/vikersund_stasjon_randsfjordbanen/vikersund_stasjon_randsfjordbanen.json"
"Uten quiz";"Vikingtidsmuseet";"vikingtidsmuseet";"historie";"Oslo";"0";"0";"";"places/historie/oslo/places_historie/vikingtidsmuseet.json"
"Uten quiz";"Villa Furulund";"villa_furulund";"kunst";"Oslo";"0";"0";"";"places/kunst/oslo/places_kunst_oslo_kultureiendommer_batch_05/villa_furulund.json"
"Med quiz";"Villa Grande";"villa_grande";"historie";"Oslo";"1";"1";"data/quiz/historie/villa_grande_sets.json";"places/historie/oslo/places_historie/villa_grande.json"
"Uten quiz";"Villa Romsli";"villa_romsli";"kunst";"Oslo";"0";"0";"";"places/kunst/oslo/places_kunst_oslo_kultureiendommer_batch_06/villa_romsli.json"
"Uten quiz";"Villa Stenersen";"villa_stenersen";"historie";"Oslo";"0";"0";"";"places/historie/oslo/places_historie_added_batch_01/villa_stenersen.json"
"Uten quiz";"Village Underground Lisboa";"lisbon_village_underground";"naeringsliv";"Lisboa";"0";"0";"";"places/subkultur/europe/portugal/lisbon/places_lisbon_subkultur/lisbon_village_underground.json"
"Uten quiz";"Vindafjorden";"vindafjorden";"natur";"Øvrige";"0";"0";"";"places/natur/rogaland/vindafjorden/vindafjorden.json"
"Med quiz";"Vinderen";"vinderen";"by";"Oslo";"1";"1";"data/quiz/by/vinderen_sets.json";"places/by/oslo/places/vinderen.json"
"Uten quiz";"Vinger kirke";"vinger_kirke_kongsvinger";"religion";"Øvrige";"0";"0";"";"places/historie/innlandet/places_historie_innlandet_batch17/vinger_kirke_kongsvinger.json"
"Uten quiz";"Vinje kyrkje";"vinje_kyrkje";"religion";"Øvrige";"0";"0";"";"places/historie/telemark/places_historie_telemark_batch6/vinje_kyrkje.json"
"Med quiz";"Vinmonopolets hovedlager";"vinmonopolet_lager";"naeringsliv";"Oslo";"5";"1";"data/quiz/naeringsliv/vinmonopolet_lager_sets_merged.json";"places/naeringsliv/oslo/places_naeringsliv/vinmonopolet_lager.json"
"Uten quiz";"Voienvolden";"voienvolden";"by";"Oslo";"0";"0";"";"places/by/oslo/places/voienvolden.json"
"Uten quiz";"Voldsløkka pumptrack";"voldslokka_pumptrack";"sport";"Oslo";"0";"0";"";"places/sport/oslo/voldslokka_pumptrack/voldslokka_pumptrack.json"
"Uten quiz";"Vollen / Maudbukta";"vollen_maudbukta";"historie";"Øvrige";"0";"0";"";"places/historie/akershus/places_historie_akershus_batch3/vollen_maudbukta.json"
"Uten quiz";"Voss";"voss";"by";"Øvrige";"0";"0";"";"places/by/vestland/voss/voss.json"
"Med quiz";"Vulkan energisentral";"vulkan_energisentral";"by";"Oslo";"1";"1";"data/quiz/by/vulkan_energisentral_sets.json";"places/by/oslo/places/vulkan_energisentral.json"
"Med quiz";"Vulkan industriområde";"vulkan_industriomrade";"by";"Oslo";"6";"1";"data/quiz/historie/vulkan_industriomrade_sets.json";"places/natur/oslo/places_oslo_natur_akerselvarute/vulkan_industriomrade.json"
"Uten quiz";"Vulkan murvegger og passasjer";"vulkan_murvegger";"subkultur";"Oslo";"0";"0";"";"places/subkultur/oslo/places_subkultur/vulkan_murvegger.json"
"Uten quiz";"Værne kloster";"varne_kloster";"historie";"Øvrige";"0";"0";"";"places/historie/ostfold/places_historie_ostfold_batch3/varne_kloster.json"
"Med quiz";"Vøienvolden gård";"voien_gard_voienvolden";"historie";"Oslo";"6";"1";"data/quiz/historie/voien_gard_voienvolden_sets.json";"places/natur/oslo/places_oslo_natur_akerselvarute/voien_gard_voienvolden.json"
"Med quiz";"Vøyenfallene";"voienfossen";"historie";"Oslo";"6";"1";"data/quiz/historie/voienfossen_sets.json";"places/natur/oslo/places_oslo_natur_akerselvarute/voienfossen.json"
"Med quiz";"Vågar i Storvågan/Kabelvåg";"vagar_lofoten_storvagan";"by";"Øvrige";"1";"1";"data/quiz/historie/places_historie_norge_for_1500_batch_04_sets.json";"places/by/nordland/vagar_lofoten_storvagan/vagar_lofoten_storvagan.json"
"Uten quiz";"Vågå kyrkje";"vaga_kyrkje";"religion";"Øvrige";"0";"0";"";"places/historie/innlandet/places_historie_innlandet_batch5/vaga_kyrkje.json"
"Uten quiz";"Våle kirke";"vale_kirke_tonsberg";"religion";"Øvrige";"0";"0";"";"places/historie/vestfold/places_historie_vestfold_batch3/vale_kirke_tonsberg.json"
"Uten quiz";"Våler kirke / brannminne";"valer_kirke_brannminne";"historie";"Øvrige";"0";"0";"";"places/historie/innlandet/places_historie_innlandet_batch10/valer_kirke_brannminne.json"
"Uten quiz";"Vålerbanen";"valerbanen";"sport";"Øvrige";"0";"0";"";"places/sport/europa/norway/places_motorsport_ostlandet/valerbanen.json"
"Med quiz";"Vålerenga";"vaalerenga";"by";"Oslo";"1";"1";"data/quiz/by/vaalerenga_sets.json";"places/by/oslo/places/vaalerenga.json"
"Uten quiz";"Vålerenga kirke";"valerenga_kirke";"religion";"Oslo";"0";"0";"";"places/historie/oslo/places_historie/valerenga_kirke.json"
"Med quiz";"Vår Frelsers gravlund";"var_frelsers_gravlund";"historie";"Oslo";"1";"1";"data/quiz/historie/var_frelsers_gravlund_sets.json";"places/historie/oslo/places_historie/var_frelsers_gravlund.json"
"Med quiz";"Waisenhuset";"waisenhuset_kongens_gate";"historie";"Oslo";"4";"1";"data/quiz/historie/waisenhuset_kongens_gate_sets.json";"places/historie/oslo/places_historie_oslo_oppdag_kvadraturen_batch_02/waisenhuset_kongens_gate.json"
"Uten quiz";"Wembley Stadium";"wembley_stadium_london";"sport";"Øvrige";"0";"0";"";"places/sport/europa/england/footballgrounds_london/wembley_stadium_london.json"
"Uten quiz";"Wessels plass";"wessels_plass";"by";"Oslo";"0";"0";"";"places/by/oslo/places_by_oslo_oppdag_kvadraturen_batch_03/wessels_plass.json"
"Uten quiz";"X-Ray Ungdomskulturhus";"xray_ungdomskulturhus";"subkultur";"Oslo";"0";"0";"";"places/subkultur/oslo/places_subkultur/xray_ungdomskulturhus.json"
"Uten quiz";"Y-blokka – historisk sted";"y_blokka";"politikk";"Oslo";"0";"0";"";"places/politikk/oslo/places_politikk/y_blokka.json"
"Med quiz";"Youngstorget";"youngstorget";"politikk";"Oslo";"1";"1";"data/quiz/politikk/youngstorget_sets.json";"places/politikk/oslo/places_politikk/youngstorget.json"
"Uten quiz";"Økern";"okern";"by";"Oslo";"0";"0";"";"places/by/oslo/places/okern.json"
"Uten quiz";"Ørje sluser / Haldenkanalen";"orje_sluser_haldenkanalen";"by";"Øvrige";"0";"0";"";"places/by/ostfold/orje_sluser_haldenkanalen/orje_sluser_haldenkanalen.json"
"Uten quiz";"Østbanestasjonen";"ostbanestasjonen";"by";"Oslo";"0";"0";"";"places/by/oslo/places_by_oslo_oppdag_kvadraturen_batch_04/ostbanestasjonen.json"
"Uten quiz";"Østensjøvannet";"ostensjovannet";"natur";"Oslo";"0";"0";"";"places/natur/oslo/places_oslo_natur_hovedsteder/ostensjovannet.json"
"Uten quiz";"Østensjøvannet sivbelte";"ostensjovannet_sivbelte";"natur";"Oslo";"0";"0";"";"places/natur/oslo/places_oslo_natur_ostensjovannet/ostensjovannet_sivbelte.json"
"Uten quiz";"Østfold Teater";"ostfold_teater";"scenekunst";"Øvrige";"0";"0";"";"places/scenekunst/ostfold/ostfold_teater/ostfold_teater.json"
"Med quiz";"Øvre Foss – Hjula Veveri";"ovre_foss";"naeringsliv";"Oslo";"2";"2";"data/quiz/naeringsliv/ovre_foss_sets.json | data/quiz/naeringsliv/ovre_foss_sets_merged.json";"places/naeringsliv/oslo/places_naeringsliv/ovre_foss.json"
"Uten quiz";"Øvre Fossum gård";"ovre_fossum_gard";"historie";"Oslo";"0";"0";"";"places/historie/oslo/places_historie_oslo_kultureiendommer_batch_10/ovre_fossum_gard.json"
"Med quiz";"Øvre spinneri (Nydalens Compagnie)";"seilduksfabrikken_nydalen";"historie";"Oslo";"6";"1";"data/quiz/historie/seilduksfabrikken_nydalen_sets.json";"places/natur/oslo/places_oslo_natur_akerselvarute/seilduksfabrikken_nydalen.json"
"Uten quiz";"Øvre Verket Ulefoss";"ovre_verket_ulefoss";"naeringsliv";"Øvrige";"0";"0";"";"places/naeringsliv/telemark/ovre_verket_ulefoss/ovre_verket_ulefoss.json"
"Uten quiz";"Øye stavkirke";"oye_stavkirke";"religion";"Øvrige";"0";"0";"";"places/historie/innlandet/places_historie_innlandet_batch5/oye_stavkirke.json"
"Uten quiz";"Øyer kirke";"oyer_kirke";"religion";"Øvrige";"0";"0";"";"places/historie/innlandet/places_historie_innlandet_batch18/oyer_kirke.json"
"Uten quiz";"Øyestad kirke Arendal";"oyestad_kirke_arendal";"religion";"Øvrige";"0";"0";"";"places/historie/agder/oyestad_kirke_arendal/oyestad_kirke_arendal.json"
"Uten quiz";"Åkrafjorden";"akrafjorden";"natur";"Øvrige";"0";"0";"";"places/natur/vestland/akrafjorden/akrafjorden.json"
"Uten quiz";"Ål";"aal";"by";"Øvrige";"0";"0";"";"places/by/buskerud/aal/aal.json"
"Uten quiz";"Ål Bygdamuseum";"aal_bygdamuseum";"historie";"Øvrige";"0";"0";"";"places/historie/buskerud/places_historie_buskerud_batch5/aal_bygdamuseum.json"
"Uten quiz";"Åmli kirke";"amli_kirke";"religion";"Øvrige";"0";"0";"";"places/historie/agder/amli_kirke/amli_kirke.json"
"Uten quiz";"Åmot bru";"aamot_bru";"historie";"Oslo";"0";"0";"";"places/historie/oslo/places_historie/aamot_bru.json"
"Uten quiz";"Åsnes kirke";"asnes_kirke";"religion";"Øvrige";"0";"0";"";"places/historie/innlandet/places_historie_innlandet_batch15/asnes_kirke.json"
